studentid,subsidy
2,0
3,0
16,0
17,0
32,1500
33,0
34,0
35,0
38,0
39,0
46,1000
47,1500
48,1000
49,0
60,0
61,0
72,0
73,0
90,1000
91,0
96,1000
97,0
100,0
101,0
102,0
103,0
104,0
105,2000
108,0
109,2000
110,0
111,0
114,0
115,0
116,0
117,0
120,0
121,0
136,1000
137,0
140,1000
141,1000
146,0
147,1000
148,1000
149,1000
166,0
167,0
182,0
183,0
190,0
191,0
200,0
201,0
202,1000
203,1500
204,0
205,1500
214,0
215,0
218,1000
219,1000
228,0
229,0
234,0
235,0
250,1000
251,0
260,1500
261,0
268,0
269,2000
270,0
271,0
272,0
273,0
274,1000
275,0
276,0
277,0
278,2000
279,0
286,0
287,0
290,1000
291,1000
298,2000
299,2000
304,2000
305,1000
308,2000
309,2000
310,0
311,1000
312,1000
313,0
318,2000
319,0
320,0
321,1000
324,2000
325,1000
328,2000
329,0
334,0
335,0
344,1000
345,0
348,2000
349,1000
358,0
359,0
362,0
363,2000
376,0
377,1000
384,0
385,0
386,0
387,0
388,1500
389,1000
390,2000
391,0
394,2000
395,1500
396,1500
397,0
404,1000
405,1000
416,0
417,0
418,1000
419,0
420,0
421,0
424,1000
425,0
432,0
433,0
442,1000
443,0
444,0
445,0
446,0
447,0
452,1000
453,1500
454,1000
455,1500
460,0
461,0
462,1500
463,1000
466,1000
467,1000
468,0
469,0
474,0
475,0
478,1500
479,1500
484,0
485,0
486,0
487,0
488,0
489,0
498,0
499,0
500,2000
501,1500
502,0
503,0
512,1000
513,2000
526,0
527,0
544,0
545,0
550,1500
551,2000
558,0
559,1000
562,0
563,0
570,0
571,0
574,0
575,0
578,0
579,0
582,1000
583,0
586,1000
587,1500
588,1000
589,1500
592,1000
593,1000
594,1000
595,1500
598,1000
599,1500
604,1000
605,1000
608,1000
609,0
610,1000
611,1500
614,0
615,0
618,1000
619,1000
620,0
621,1500
630,1000
631,1000
640,1000
641,1500
642,1000
643,0
646,0
647,0
654,1000
655,1000
664,1000
665,1500
668,1000
669,0
678,1000
679,1500
682,1000
683,0
684,1000
685,1500
686,0
687,1500
692,0
693,2000
710,1000
711,0
728,1500
729,1000
730,1000
731,1000
734,1000
735,0
736,0
737,0
738,1000
739,0
740,1000
741,1000
748,1000
749,0
750,1000
751,1000
758,1000
759,1000
766,1000
767,0
776,0
777,1500
788,2000
789,1500
790,1500
791,1000
798,1000
799,1500
804,1500
805,2000
808,0
809,0
810,1000
811,1500
830,1500
831,1500
832,0
833,0
834,1500
835,1500
842,1500
843,0
846,1000
847,2000
848,1000
849,1500
850,0
851,1500
852,0
853,2000
854,2000
855,2000
858,1500
859,2000
860,1000
861,0
864,1000
865,1000
868,1000
869,0
902,1000
903,0
914,1000
915,2000
922,1500
923,0
924,1000
925,1000
934,1000
935,1000
938,1000
939,1000
942,0
943,0
944,1000
945,1000
950,1500
951,1500
952,2000
953,0
954,2000
955,1000
956,0
957,1500
960,2000
961,0
974,0
975,1000
978,1000
979,2000
980,2000
981,2000
982,1000
983,2000
984,0
985,0
992,2000
993,2000
994,2000
995,1000
1000,1500
1001,0
1008,0
1009,0
1022,0
1023,0
1026,1000
1027,1000
1038,0
1039,1000
1044,1000
1045,1000
1046,0
1047,0
1048,1000
1049,1500
1052,1000
1053,1500
1058,1000
1059,0
1060,0
1061,1500
1062,0
1063,0
1064,0
1065,0
1066,0
1067,1500
1068,0
1069,0
1074,0
1075,0
1078,1500
1079,1000
1080,0
1081,1000
1088,0
1089,1000
1092,0
1093,0
1096,1500
1097,0
1120,0
1121,1000
1128,0
1129,2000
1130,0
1131,1000
1134,0
1135,1500
1140,0
1141,0
1144,0
1145,0
1150,0
1151,0
1152,1500
1153,1000
1156,1500
1157,1500
1166,0
1167,0
1168,0
1169,0
1176,0
1177,0
1198,1000
1199,1000
1204,1000
1205,1000
1206,1000
1207,1000
1208,1000
1209,1000
1210,0
1211,0
1212,0
1213,0
1214,0
1215,0
1216,0
1217,1000
1220,0
1221,0
1224,0
1225,0
1232,2000
1233,2000
1240,0
1241,0
1246,0
1247,0
1252,1000
1253,0
1256,0
1257,1500
1268,2000
1269,0
1270,0
1271,0
1272,0
1273,0
1282,2000
1283,0
1284,0
1285,1000
1288,0
1289,0
1290,2000
1291,0
1304,1000
1305,0
1306,0
1307,0
1318,0
1319,0
1320,1500
1321,1000
1324,0
1325,0
1326,0
1327,0
1350,0
1351,0
1352,0
1353,1000
1354,0
1355,0
1358,0
1359,0
1364,1000
1365,2000
1372,1000
1373,2000
1392,0
1393,2000
1396,0
1397,0
1414,0
1415,0
1434,1000
1435,0
1440,1000
1441,1000
1448,1000
1449,2000
1452,0
1453,0
1460,0
1461,0
1464,0
1465,0
1476,0
1477,1000
1478,0
1479,2000
1480,0
1481,0
1486,0
1487,0
1488,1000
1489,1000
1494,0
1495,0
1504,1000
1505,1000
1518,0
1519,0
1520,0
1521,1000
1524,1000
1525,1000
1532,1500
1533,1500
1534,2000
1535,1000
1548,1000
1549,1000
1552,1000
1553,1000
1554,1000
1555,1000
1564,1000
1565,2000
1568,1000
1569,0
1570,2000
1571,0
1576,0
1577,1000
1580,0
1581,1000
1592,1000
1593,1000
1628,0
1629,0
1634,0
1635,0
1640,0
1641,0
1660,1500
1661,2000
1662,0
1663,0
1664,0
1665,0
1666,1000
1667,1500
1674,0
1675,0
1682,0
1683,1000
1686,0
1687,0
1696,1000
1697,1500
1714,0
1715,0
1720,0
1721,0
1724,0
1725,0
1732,0
1733,1000
1734,2000
1735,2000
1742,0
1743,0
1744,0
1745,0
1748,0
1749,0
1754,0
1755,0
1756,0
1757,0
1758,1000
1759,1000
1760,0
1761,0
1780,1500
1781,0
1788,0
1789,0
1790,0
1791,0
1792,0
1793,0
1796,0
1797,0
1798,1500
1799,1500
1800,1000
1801,0
1804,0
1805,0
1822,0
1823,0
1824,0
1825,0
1828,1500
1829,2000
1836,0
1837,2000
1844,2000
1845,0
1856,0
1857,0
1862,0
1863,0
1866,0
1867,0
1868,2000
1869,0
1876,0
1877,0
1878,0
1879,0
1880,0
1881,0
1886,0
1887,0
1890,0
1891,1000
1892,0
1893,0
1900,0
1901,0
1904,1500
1905,0
1910,0
1911,0
1914,1000
1915,1000
1926,1000
1927,0
1928,0
1929,0
1938,0
1939,0
1942,1000
1943,2000
1944,0
1945,0
1946,1500
1947,1500
1948,1000
1949,2000
1954,0
1955,0
1964,0
1965,0
1966,1000
1967,2000
1972,1000
1973,2000
1974,0
1975,2000
1994,1000
1995,1000
1996,0
1997,0
1998,2000
1999,0
2004,0
2005,2000
2006,2000
2007,0
2018,1000
2019,2000
2030,0
2031,0
2032,0
2033,1000
2034,1000
2035,2000
2048,2000
2049,1500
2052,1000
2053,0
2056,1000
2057,1000
2070,0
2071,0
2076,0
2077,0
2094,0
2095,0
2096,0
2097,0
2126,2000
2127,0
2128,2000
2129,1000
2130,2000
2131,0
2138,0
2139,0
2156,0
2157,1000
2164,0
2165,1000
2168,0
2169,2000
2178,0
2179,0
2180,0
2181,0
2196,0
2197,0
2206,0
2207,0
2214,1000
2215,1000
2224,1000
2225,1000
2228,0
2229,0
2230,1500
2231,2000
2236,2000
2237,0
2246,1000
2247,0
2248,1000
2249,0
2264,1000
2265,1500
2266,2000
2267,0
2272,1000
2273,1000
2298,1000
2299,2000
2310,0
2311,1000
2314,0
2315,0
2318,0
2319,0
2348,0
2349,0
2354,0
2355,0
2358,0
2359,0
2362,1500
2363,0
2366,0
2367,0
2368,2000
2369,0
2372,0
2373,0
2374,1500
2375,0
2380,1500
2381,1000
2382,0
2383,0
2384,1500
2385,0
2390,1000
2391,1000
2402,0
2403,0
2408,0
2409,0
2410,1500
2411,0
2424,0
2425,0
2432,0
2433,0
2438,0
2439,0
2442,0
2443,0
2444,1000
2445,0
2448,1000
2449,1000
2454,1000
2455,0
2456,1500
2457,1500
2460,0
2461,0
2462,0
2463,1500
2464,0
2465,0
2466,1500
2467,0
2478,1000
2479,1500
2482,1000
2483,0
2486,1500
2487,1000
2490,1000
2491,1000
2492,0
2493,0
2494,1000
2495,0
2498,0
2499,0
2500,1000
2501,0
2508,0
2509,0
2510,0
2511,0
2516,0
2517,0
2532,1000
2533,1500
2540,1000
2541,1000
2550,0
2551,0
2556,1000
2557,0
2562,1000
2563,0
2570,0
2571,1000
2572,1000
2573,1000
2576,0
2577,0
2580,0
2581,0
2582,1000
2583,0
2584,0
2585,0
2598,1500
2599,0
2606,1000
2607,1000
2612,0
2613,1000
2622,1500
2623,1500
2626,0
2627,0
2628,1000
2629,1000
2632,1000
2633,0
2636,0
2637,0
2644,0
2645,0
2648,1000
2649,0
2654,0
2655,0
2656,0
2657,0
2658,0
2659,0
2662,0
2663,1500
2672,1000
2673,1500
2674,1000
2675,0
2678,1000
2679,0
2680,1000
2681,1500
2682,1000
2683,0
2690,0
2691,0
2696,0
2697,0
2700,0
2701,0
2706,1000
2707,1000
2708,0
2709,1500
2712,2000
2713,1000
2720,0
2721,0
2722,0
2723,0
2730,2000
2731,2000
2732,1000
2733,0
2738,1000
2739,2000
2748,1000
2749,2000
2764,2000
2765,1500
2766,2000
2767,1000
2776,1500
2777,1500
2782,1500
2783,2000
2788,2000
2789,1000
2802,0
2803,0
2810,1000
2811,1000
2818,0
2819,0
2826,1500
2827,1000
2838,1000
2839,0
2856,1000
2857,1000
2858,0
2859,1000
2864,0
2865,0
2872,0
2873,1000
2878,0
2879,0
2894,1500
2895,1500
2904,2000
2905,2000
2906,1500
2907,2000
2914,1000
2915,0
2920,0
2921,0
2926,0
2927,0
2930,1500
2931,0
2938,1000
2939,1500
2944,0
2945,0
2948,1000
2949,1500
2952,1000
2953,1500
2954,1500
2955,1500
2956,1500
2957,1500
2958,1000
2959,1500
2962,0
2963,2000
2970,1000
2971,2000
2972,1000
2973,2000
2974,1000
2975,2000
2976,1000
2977,2000
2982,1000
2983,1000
2984,1000
2985,1500
2990,1000
2991,1000
2992,1000
2993,2000
2996,1000
2997,0
3012,1000
3013,1500
3014,0
3015,2000
3018,0
3019,1500
3034,2000
3035,1500
3048,0
3049,0
3062,0
3063,0
3076,0
3077,0
3080,2000
3081,1000
3086,1500
3087,2000
3094,1000
3095,2000
3096,1000
3097,1500
3114,2000
3115,1500
3120,0
3121,0
3122,0
3123,0
3124,0
3125,1000
3126,0
3127,1000
3144,1500
3145,1000
3148,0
3149,1000
3160,1000
3161,2000
3162,1500
3163,1000
3164,0
3165,1000
3180,1000
3181,2000
3188,0
3189,1000
3196,0
3197,0
3198,2000
3199,1000
3206,0
3207,0
3220,0
3221,1000
3224,0
3225,0
3226,1000
3227,2000
3228,1000
3229,2000
3232,1000
3233,2000
3238,1500
3239,1500
3240,0
3241,1500
3244,0
3245,1000
3246,1000
3247,1500
3250,1000
3251,2000
3254,1000
3255,0
3256,1000
3257,0
3260,0
3261,1000
3264,0
3265,0
3270,1000
3271,1000
3274,0
3275,1500
3284,1000
3285,1000
3286,1000
3287,2000
3292,1000
3293,1500
3298,1000
3299,0
3300,1500
3301,1500
3302,0
3303,0
3304,1000
3305,1500
3312,1000
3313,0
3316,1500
3317,0
3318,1500
3319,1500
3322,1500
3323,2000
3326,1000
3327,1000
3328,1500
3329,1000
3340,0
3341,0
3344,1000
3345,2000
3348,2000
3349,0
3352,1500
3353,1000
3358,2000
3359,0
3362,2000
3363,1000
3364,0
3365,2000
3372,1000
3373,2000
3376,0
3377,1500
3378,1000
3379,1000
3380,0
3381,0
3382,1000
3383,0
3384,1000
3385,1000
3388,2000
3389,1500
3390,1500
3391,1000
3394,1000
3395,1000
3402,2000
3403,1000
3404,1000
3405,1500
3406,0
3407,1500
3412,1000
3413,1500
3418,1000
3419,0
3420,0
3421,0
3426,1500
3427,1500
3430,0
3431,0
3436,1000
3437,1500
3448,1000
3449,1000
3450,1500
3451,1000
3456,0
3457,1000
3458,1500
3459,2000
3460,1000
3461,1000
3462,1000
3463,0
3488,1000
3489,1000
3490,2000
3491,1000
3500,1500
3501,1000
3510,0
3511,0
3516,1000
3517,1000
3518,0
3519,1000
3520,2000
3521,1000
3530,1500
3531,1500
3532,1000
3533,2000
3534,1000
3535,1000
3538,1500
3539,1500
3540,0
3541,1000
3546,0
3547,0
3556,1500
3557,1500
3568,1000
3569,1500
3576,1000
3577,1500
3578,2000
3579,0
3580,1500
3581,1000
3588,1500
3589,1000
3590,0
3591,2000
3596,0
3597,1000
3598,1500
3599,1000
3602,1500
3603,1000
3604,0
3605,0
3614,2000
3615,0
3624,2000
3625,2000
3628,1000
3629,1000
3632,2000
3633,1500
3640,0
3641,1000
3642,0
3643,1500
3644,0
3645,0
3652,0
3653,0
3656,1000
3657,1000
3658,0
3659,1500
3666,0
3667,0
3668,2000
3669,2000
3682,0
3683,0
3686,0
3687,1000
3692,0
3693,0
3696,1500
3697,1500
3700,1500
3701,1500
3702,1500
3703,1500
3704,1000
3705,1500
3706,1000
3707,2000
3708,0
3709,1500
3710,0
3711,1000
3712,1000
3713,1500
3726,2000
3727,0
3738,1000
3739,0
3750,0
3751,0
3754,1500
3755,0
3766,0
3767,1000
3772,0
3773,1000
3774,0
3775,0
3776,1000
3777,2000
3778,2000
3779,2000
3786,0
3787,2000
3808,1000
3809,2000
3816,1000
3817,1000
3818,1000
3819,2000
3822,0
3823,1000
3824,0
3825,0
3826,1000
3827,1000
3832,1000
3833,1500
3846,1500
3847,1500
3850,1000
3851,2000
3852,1500
3853,2000
3860,0
3861,2000
3862,1000
3863,1500
3872,1000
3873,2000
3874,1500
3875,2000
3876,1000
3877,1500
3882,1500
3883,1000
3892,1000
3893,1000
3896,1000
3897,1000
3902,1000
3903,1000
3914,0
3915,1000
3918,0
3919,1500
3922,2000
3923,2000
3946,0
3947,0
3954,2000
3955,0
3958,1000
3959,1000
3962,0
3963,0
3964,0
3965,0
3968,0
3969,1500
3980,1000
3981,1000
3986,1500
3987,2000
3988,1000
3989,1000
3990,1500
3991,1000
3998,1500
3999,1000
4014,0
4015,0
4022,1000
4023,1000
4030,0
4031,1500
4032,0
4033,0
4040,1000
4041,1000
4052,2000
4053,1000
4068,1500
4069,1000
4070,1500
4071,1000
4072,1500
4073,1000
4074,0
4075,0
4084,0
4085,1500
4092,0
4093,1000
4106,0
4107,1500
4116,1500
4117,1000
4122,1000
4123,1000
4132,1000
4133,1500
4136,0
4137,1000
4140,0
4141,2000
4142,1000
4143,1000
4160,1000
4161,1000
4164,0
4165,1500
4176,1000
4177,1000
4182,0
4183,1000
4186,2000
4187,1500
4188,1000
4189,1000
4190,1000
4191,1000
4194,1000
4195,1000
4198,0
4199,1500
4202,1500
4203,1000
4230,0
4231,1500
4238,1000
4239,1000
4242,2000
4243,1500
4244,1000
4245,1000
4246,2000
4247,1000
4248,0
4249,0
4250,1000
4251,1000
4254,1500
4255,1000
4258,1000
4259,1500
4264,0
4265,0
4268,1000
4269,1000
4274,0
4275,1500
4282,1000
4283,1000
4298,1500
4299,1500
4306,0
4307,1500
4308,0
4309,1500
4320,0
4321,1500
4322,1000
4323,1500
4324,0
4325,0
4336,1000
4337,1000
4344,0
4345,0
4350,2000
4351,1000
4354,1000
4355,2000
4356,2000
4357,1000
4364,1000
4365,1500
4380,1000
4381,1500
4386,0
4387,1000
4390,1500
4391,1000
4396,1000
4397,1500
4398,0
4399,0
4400,2000
4401,1500
4402,1500
4403,1000
4408,0
4409,1500
4410,1000
4411,1500
4416,0
4417,1500
4418,1000
4419,1500
4422,1000
4423,1500
4426,0
4427,0
4434,1000
4435,1500
4452,2000
4453,1500
4454,2000
4455,1500
4460,0
4461,0
4464,2000
4465,2000
4472,1500
4473,2000
4476,1000
4477,1500
4480,2000
4481,2000
4484,2000
4485,1000
4488,0
4489,1500
4496,1500
4497,1500
4512,2000
4513,2000
4528,2000
4529,2000
4544,1000
4545,1500
4548,1000
4549,1000
4550,0
4551,0
4552,0
4553,0
4564,0
4565,1500
4576,1000
4577,2000
4578,0
4579,0
4584,0
4585,0
4594,1000
4595,2000
4596,1500
4597,2000
4604,1500
4605,1000
4606,1000
4607,1000
4608,0
4609,1000
4610,0
4611,1500
4612,0
4613,0
4614,0
4615,0
4616,0
4617,1500
4618,1000
4619,1500
4626,0
4627,1500
4636,1000
4637,1000
4654,0
4655,0
4668,1000
4669,1000
4674,2000
4675,1000
4676,0
4677,0
4680,1000
4681,0
4682,1000
4683,1000
4688,1000
4689,1000
4690,1000
4691,1000
4694,1500
4695,1000
4696,1000
4697,2000
4698,0
4699,2000
4700,1000
4701,0
4702,0
4703,0
4704,1000
4705,1000
4710,1000
4711,2000
4712,0
4713,1000
4714,1500
4715,1000
4718,1500
4719,2000
4730,1500
4731,1500
4742,1500
4743,1000
4746,0
4747,2000
4748,0
4749,0
4752,0
4753,0
4766,1000
4767,1500
4776,0
4777,1000
4778,0
4779,2000
4780,1000
4781,2000
4788,1500
4789,2000
4796,1000
4797,2000
4798,1000
4799,1500
4800,1000
4801,0
4802,1000
4803,2000
4818,0
4819,1000
4822,1000
4823,2000
4826,1000
4827,1000
4828,2000
4829,0
4836,1000
4837,2000
4846,1000
4847,0
4860,2000
4861,1000
4864,1000
4865,1000
4866,0
4867,1500
4876,1000
4877,1000
4880,1000
4881,1000
4882,2000
4883,2000
4888,1000
4889,1000
4910,2000
4911,1000
4912,1000
4913,2000
4916,1000
4917,0
4918,1000
4919,1500
4922,1500
4923,0
4924,1500
4925,1000
4926,1000
4927,2000
4928,1500
4929,1000
4936,1000
4937,1000
4938,1500
4939,1500
4940,1000
4941,2000
4946,2000
4947,1500
4948,1000
4949,1500
4956,0
4957,0
4958,1000
4959,1000
4960,1000
4961,1000
4966,1000
4967,1000
4968,0
4969,0
4970,1000
4971,1000
4984,1000
4985,1000
4990,1000
4991,1500
4996,1000
4997,1000
5004,1000
5005,1000
5012,0
5013,1000
5014,2000
5015,1500
5016,1500
5017,0
5022,0
5023,1000
5026,1500
5027,1000
5034,1000
5035,2000
5056,0
5057,2000
5066,1000
5067,2000
5068,1500
5069,1500
5072,1000
5073,2000
5078,1000
5079,1500
5086,0
5087,0
5090,1000
5091,1500
5094,1000
5095,1500
5098,1000
5099,1000
5102,1000
5103,1500
5114,1500
5115,1000
5118,0
5119,2000
5120,0
5121,2000
5122,1500
5123,2000
5128,2000
5129,1500
5150,0
5151,2000
5168,0
5169,1500
5170,1500
5171,1500
5182,0
5183,1000
5184,1000
5185,1500
5192,1500
5193,1000
5194,1500
5195,1500
5196,0
5197,0
5198,1000
5199,1000
5202,1500
5203,1500
5204,1500
5205,1500
5208,1000
5209,1000
5212,0
5213,1500
5214,1000
5215,1000
5224,1500
5225,1500
5238,1000
5239,1500
5246,0
5247,1000
5250,0
5251,0
5252,1000
5253,2000
5254,0
5255,2000
5258,1000
5259,2000
5264,0
5265,0
5268,2000
5269,1500
5274,2000
5275,2000
5282,1000
5283,2000
5288,0
5289,1000
5290,1500
5291,1000
5292,1500
5293,1500
5300,2000
5301,1000
5308,1000
5309,1500
5314,2000
5315,1000
5316,1500
5317,0
5322,0
5323,0
5326,0
5327,0
5346,0
5347,1500
5352,1000
5353,1000
5362,0
5363,1500
5368,1500
5369,1000
5372,1000
5373,1000
5382,1000
5383,2000
5384,1000
5385,1500
5386,1000
5387,1000
5390,1000
5391,2000
5394,0
5395,1500
5398,1500
5399,2000
5408,0
5409,1000
5418,2000
5419,1000
5420,1000
5421,1000
5422,0
5423,0
5428,1000
5429,2000
5430,1000
5431,0
5434,1000
5435,1500
5438,1000
5439,1000
5444,1000
5445,2000
5460,0
5461,0
5462,1500
5463,2000
5470,0
5471,2000
5474,2000
5475,1000
5478,2000
5479,0
5488,1000
5489,0
5508,0
5509,1500
5520,0
5521,0
5528,1000
5529,2000
5532,1000
5533,2000
5536,0
5537,0
5544,2000
5545,1500
5548,0
5549,0
5554,2000
5555,0
5558,1000
5559,1000
5564,1000
5565,0
5566,1000
5567,1000
5574,0
5575,1000
5578,2000
5579,0
5580,1000
5581,2000
5594,1000
5595,1000
5606,0
5607,2000
5610,2000
5611,1000
5620,0
5621,0
5632,2000
5633,2000
5634,0
5635,0
5650,0
5651,0
5662,1000
5663,1000
5670,0
5671,2000
5672,1000
5673,2000
5692,1500
5693,0
5700,0
5701,0
5706,0
5707,1000
5710,1000
5711,1500
5718,1500
5719,1000
5720,1000
5721,2000
5722,0
5723,1500
5724,0
5725,0
5726,1000
5727,2000
5728,1000
5729,1000
5754,2000
5755,2000
5764,0
5765,0
5770,2000
5771,1500
5772,1500
5773,2000
5776,1000
5777,0
5778,0
5779,0
5780,0
5781,0
5792,1000
5793,2000
5794,1500
5795,1000
5818,1000
5819,1500
5822,1000
5823,0
5830,2000
5831,2000
5832,1000
5833,1500
5834,1000
5835,2000
5840,0
5841,0
5842,1000
5843,1000
5844,0
5845,0
5850,0
5851,0
5866,1000
5867,1000
5872,0
5873,0
5876,0
5877,1000
5884,0
5885,0
5892,1000
5893,0
5896,0
5897,0
5898,1000
5899,1500
5902,0
5903,0
5908,0
5909,0
5912,1000
5913,1000
5914,0
5915,0
5920,0
5921,2000
5922,0
5923,0
5934,1000
5935,1000
5938,0
5939,1500
5954,0
5955,0
5956,0
5957,0
5958,1000
5959,1000
5968,0
5969,0
5972,0
5973,0
5976,0
5977,1000
5978,1500
5979,1000
5984,0
5985,0
5994,1000
5995,1500
6002,1500
6003,0
6008,2000
6009,1000
6012,2000
6013,1500
6016,0
6017,0
6024,1000
6025,1500
6036,1500
6037,1000
6038,1000
6039,1000
6042,0
6043,0
6068,1000
6069,0
6070,1000
6071,1000
6074,1000
6075,1500
6076,1000
6077,0
6080,0
6081,0
6082,0
6083,0
6086,0
6087,0
6090,0
6091,0
6100,0
6101,0
6106,1500
6107,1500
6112,0
6113,1500
6126,1000
6127,0
6132,0
6133,0
6136,0
6137,1000
6138,2000
6139,2000
6142,1000
6143,1500
6144,0
6145,0
6146,0
6147,0
6154,0
6155,0
6168,1000
6169,1000
6170,1000
6171,1500
6176,1000
6177,0
6178,1000
6179,1000
6182,1000
6183,2000
6198,0
6199,0
6200,1000
6201,0
6204,0
6205,1500
6206,1000
6207,2000
6218,0
6219,0
6220,0
6221,0
6224,0
6225,0
6234,1000
6235,1500
6242,1500
6243,1500
6248,1500
6249,0
6252,1500
6253,0
6262,0
6263,0
6278,1000
6279,0
6290,0
6291,0
6292,1000
6293,0
6304,1000
6305,1500
6312,0
6313,0
6322,0
6323,0
6338,0
6339,0
6346,1000
6347,0
6348,1000
6349,1500
6358,0
6359,0
6360,0
6361,0
6362,1000
6363,1500
6370,1500
6371,0
6376,1000
6377,0
6392,1000
6393,1000
6400,0
6401,0
6408,0
6409,0
6420,1500
6421,0
6424,2000
6425,0
6438,0
6439,1500
6444,0
6445,0
6446,0
6447,0
6456,0
6457,0
6460,0
6461,0
6464,0
6465,0
6468,0
6469,0
6476,2000
6477,2000
6478,2000
6479,1000
6482,0
6483,0
6484,1500
6485,1000
6504,0
6505,0
6506,0
6507,0
6508,2000
6509,1500
6532,0
6533,0
6534,0
6535,0
6540,2000
6541,2000
6544,1500
6545,1500
6550,2000
6551,2000
6552,0
6553,0
6562,0
6563,1500
6564,2000
6565,2000
6566,1000
6567,1500
6572,0
6573,1000
6574,0
6575,0
6584,0
6585,2000
6588,0
6589,0
6590,0
6591,0
6596,0
6597,0
6598,0
6599,0
6604,2000
6605,2000
6610,0
6611,1500
6614,0
6615,1000
6626,0
6627,0
6628,0
6629,0
6630,0
6631,1000
6642,0
6643,0
6646,1000
6647,1000
6652,0
6653,1500
6656,2000
6657,1000
6666,0
6667,0
6670,0
6671,2000
6682,2000
6683,2000
6686,1000
6687,1000
6702,2000
6703,1500
6708,0
6709,0
6710,0
6711,0
6716,0
6717,2000
6730,2000
6731,2000
6736,1000
6737,1000
6738,1000
6739,1500
6740,0
6741,0
6754,1000
6755,1000
6756,1000
6757,1000
6760,2000
6761,0
6764,0
6765,0
6768,1000
6769,2000
6770,1500
6771,1000
6772,0
6773,0
6786,0
6787,0
6800,0
6801,0
6806,1000
6807,1000
6824,1000
6825,1500
6828,0
6829,2000
6830,2000
6831,1000
6838,2000
6839,1000
6844,1000
6845,0
6846,1000
6847,0
6856,0
6857,0
6858,1000
6859,1500
6872,0
6873,1000
6874,1000
6875,1000
6876,1000
6877,1500
6880,0
6881,2000
6884,0
6885,0
6896,1000
6897,1000
6898,1000
6899,1500
6902,0
6903,1000
6904,0
6905,0
6924,1000
6925,1000
6926,0
6927,0
6932,0
6933,0
6950,2000
6951,2000
6960,0
6961,1000
6964,0
6965,1000
6972,0
6973,1000
6982,2000
6983,1000
6988,0
6989,1000
6992,2000
6993,1000
6998,1000
6999,0
7008,1000
7009,0
7010,0
7011,0
7014,0
7015,0
7020,1000
7021,0
7022,2000
7023,1000
7032,2000
7033,1000
7034,1000
7035,1000
7038,1000
7039,1000
7042,1500
7043,1500
7044,0
7045,2000
7046,0
7047,0
7060,1000
7061,1000
7068,2000
7069,2000
7072,0
7073,0
7078,1000
7079,2000
7084,1000
7085,1000
7086,2000
7087,2000
7094,1000
7095,1000
7102,2000
7103,0
7114,2000
7115,1500
7116,1000
7117,0
7122,0
7123,0
7124,0
7125,2000
7128,2000
7129,2000
7136,1500
7137,0
7142,1500
7143,0
7144,1000
7145,2000
7152,2000
7153,2000
7156,2000
7157,2000
7158,2000
7159,0
7160,2000
7161,2000
7162,1000
7163,1000
7164,1000
7165,1500
7166,1000
7167,1000
7178,2000
7179,1500
7180,0
7181,1000
7184,0
7185,2000
7186,1500
7187,2000
7192,0
7193,0
7198,0
7199,0
7208,0
7209,1500
7218,0
7219,0
7220,0
7221,0
7222,2000
7223,0
7228,1500
7229,2000
7234,0
7235,0
7254,1500
7255,1500
7256,1000
7257,1000
7258,1500
7259,1000
7260,0
7261,1000
7264,0
7265,0
7266,1000
7267,2000
7268,1000
7269,0
7272,2000
7273,2000
7278,1000
7279,2000
7280,0
7281,0
7282,1000
7283,2000
7288,0
7289,0
7298,1000
7299,2000
7312,0
7313,0
7326,0
7327,0
7334,2000
7335,1500
7338,0
7339,0
7346,1500
7347,0
7354,0
7355,1000
7356,2000
7357,1000
7360,0
7361,1500
7370,2000
7371,2000
7372,1000
7373,2000
7376,0
7377,0
7378,0
7379,0
7382,1500
7383,1000
7384,1000
7385,1500
7390,0
7391,0
7392,1000
7393,1500
7402,2000
7403,2000
7406,1000
7407,0
7416,1500
7417,0
7418,1000
7419,0
7428,0
7429,0
7430,0
7431,1000
7446,1000
7447,2000
7450,1000
7451,1000
7452,0
7453,0
7458,2000
7459,0
7460,1500
7461,0
7466,1000
7467,1000
7470,2000
7471,0
7478,0
7479,0
7486,0
7487,0
7490,2000
7491,2000
7500,2000
7501,1000
7516,1000
7517,1000
7518,1000
7519,1000
7522,1000
7523,1000
7524,1000
7525,1500
7532,2000
7533,2000
7544,2000
7545,1000
7550,1000
7551,1000
7556,0
7557,0
7566,1000
7567,1000
7568,2000
7569,1000
7570,1000
7571,1000
7574,1500
7575,0
7588,0
7589,0
7590,2000
7591,2000
7592,0
7593,2000
7612,1000
7613,2000
7616,1000
7617,0
7618,2000
7619,1000
7624,0
7625,0
7630,1000
7631,2000
7634,0
7635,0
7642,1000
7643,1000
7644,1000
7645,1500
7648,0
7649,0
7660,2000
7661,1000
7664,1000
7665,1000
7666,2000
7667,1500
7670,0
7671,1000
7672,1000
7673,1000
7674,1000
7675,2000
7678,1000
7679,2000
7688,0
7689,0
7690,0
7691,0
7694,2000
7695,0
7700,1500
7701,2000
7702,0
7703,0
7708,2000
7709,1000
7718,2000
7719,2000
7722,1000
7723,2000
7736,0
7737,1000
7740,0
7741,0
7742,1000
7743,1000
7748,2000
7749,1000
7754,0
7755,0
7762,2000
7763,2000
7764,0
7765,1000
7770,1000
7771,1000
7776,1000
7777,1500
7788,1000
7789,2000
7800,1500
7801,1000
7826,1000
7827,1000
7834,1000
7835,2000
7838,2000
7839,1000
7842,1000
7843,1000
7844,1000
7845,1000
7848,1000
7849,1000
7852,2000
7853,1500
7862,0
7863,0
7870,0
7871,1000
7874,0
7875,0
7882,2000
7883,1000
7886,2000
7887,1500
7892,2000
7893,1000
7900,0
7901,0
7906,0
7907,1000
7918,0
7919,0
7940,0
7941,0
7944,1000
7945,2000
7950,1000
7951,1000
7956,0
7957,0
7960,1000
7961,0
7990,2000
7991,1000
8002,1000
8003,2000
8004,1500
8005,1000
8006,1000
8007,1500
8008,0
8009,0
8016,1000
8017,1000
8020,1000
8021,1000
8024,0
8025,0
8028,1000
8029,2000
8030,1500
8031,2000
8038,1000
8039,1000
8050,1000
8051,1000
8052,1500
8053,1000
8054,2000
8055,0
8056,0
8057,0
8058,1500
8059,1500
8064,0
8065,2000
8070,0
8071,1000
8082,0
8083,0
8088,1000
8089,1500
8092,1000
8093,1500
8094,1000
8095,1000
8100,0
8101,0
8106,0
8107,0
8114,1500
8115,0
8122,0
8123,0
8138,0
8139,0
8142,0
8143,0
8146,1000
8147,0
8154,1000
8155,1000
8160,1000
8161,1000
8162,1000
8163,1000
8166,0
8167,0
8172,0
8173,0
8174,0
8175,0
8176,2000
8177,1500
8178,1000
8179,0
8182,2000
8183,1500
8190,0
8191,0
8196,0
8197,0
8200,2000
8201,0
8204,1000
8205,0
8206,0
8207,0
8208,1500
8209,2000
8218,1500
8219,2000
8222,1500
8223,0
8240,1500
8241,0
8246,2000
8247,0
8248,1500
8249,0
8252,0
8253,0
8254,1000
8255,1000
8256,1500
8257,0
8266,2000
8267,1000
8272,1500
8273,1500
8276,0
8277,0
8278,0
8279,0
8282,0
8283,0
8286,0
8287,0
8294,0
8295,1000
8308,2000
8309,0
8316,0
8317,0
8322,0
8323,0
8326,1000
8327,2000
8328,2000
8329,2000
8340,0
8341,0
8342,2000
8343,2000
8346,1500
8347,1500
8354,0
8355,0
8358,2000
8359,1000
8364,1500
8365,1000
8366,1000
8367,1000
8386,0
8387,1000
8396,2000
8397,2000
8398,0
8399,0
8400,2000
8401,2000
8404,0
8405,0
8406,2000
8407,1500
8408,0
8409,2000
8412,1500
8413,1500
8414,0
8415,0
8418,2000
8419,1500
8436,1000
8437,0
8444,1000
8445,1000
8448,0
8449,2000
8452,1500
8453,1000
8454,0
8455,1500
8458,0
8459,0
8460,0
8461,0
8464,1000
8465,1000
8468,1000
8469,2000
8488,1000
8489,2000
8492,0
8493,1000
8498,0
8499,2000
8502,0
8503,1500
8506,0
8507,1000
8522,1000
8523,1000
8526,0
8527,0
8528,0
8529,0
8532,1000
8533,1500
8534,0
8535,1000
8566,0
8567,0
8580,2000
8581,1000
8582,1500
8583,1000
8586,2000
8587,1500
8592,1500
8593,1500
8596,0
8597,1500
8598,1500
8599,1000
8602,0
8603,1000
8624,1500
8625,0
8632,0
8633,0
8636,0
8637,1500
8640,0
8641,1500
8646,1000
8647,1000
8650,2000
8651,1000
8654,1000
8655,1000
8658,0
8659,1000
8662,0
8663,1500
8664,0
8665,1000
8670,1500
8671,1500
8676,1000
8677,1000
8678,0
8679,2000
8684,1000
8685,2000
8688,1000
8689,2000
8690,1000
8691,1000
8702,2000
8703,0
8704,0
8705,2000
8708,0
8709,0
8740,0
8741,0
8742,0
8743,0
8746,0
8747,1500
8748,0
8749,0
8750,0
8751,0
8754,0
8755,1000
8756,2000
8757,1500
8760,0
8761,0
8766,0
8767,0
8776,0
8777,0
8786,2000
8787,1500
8794,1500
8795,1000
8796,1500
8797,1000
8800,1500
8801,1500
8824,0
8825,0
8828,1500
8829,1000
8836,0
8837,1000
8848,1500
8849,1000
8852,1000
8853,1000
8854,0
8855,1000
8858,0
8859,1000
8866,2000
8867,0
8888,1500
8889,1500
8896,2000
8897,2000
8908,0
8909,0
8910,1000
8911,2000
8912,0
8913,0
8916,1500
8917,1000
8918,1000
8919,1500
8920,1000
8921,2000
8922,1500
8923,2000
8926,0
8927,1000
8934,1500
8935,1000
8940,1000
8941,2000
8942,1500
8943,2000
8958,2000
8959,2000
8962,1000
8963,0
8964,0
8965,0
8966,0
8967,0
8982,0
8983,0
8986,0
8987,0
8990,0
8991,1500
9002,0
9003,2000
9018,1000
9019,1500
9024,0
9025,0
9026,0
9027,0
9042,1000
9043,1000
9046,0
9047,0
9054,0
9055,0
9056,0
9057,1000
9058,1000
9059,0
9070,0
9071,0
9080,0
9081,0
9086,0
9087,1500
9092,1500
9093,1000
9094,0
9095,0
9096,1500
9097,0
9100,1000
9101,1000
9104,0
9105,1500
9108,2000
9109,1000
9112,1500
9113,1500
9124,1000
9125,2000
9128,1000
9129,1000
9136,1500
9137,1000
9140,1500
9141,1000
9146,1000
9147,2000
9154,1500
9155,1500
9156,1000
9157,1500
9170,1000
9171,2000
9176,1000
9177,1000
9192,2000
9193,1500
9194,0
9195,1000
9202,0
9203,0
9208,1000
9209,1000
9210,1500
9211,1000
9212,0
9213,0
9224,2000
9225,2000
9240,1000
9241,1000
9246,0
9247,0
9248,0
9249,0
9254,1500
9255,1000
9260,2000
9261,0
9262,1500
9263,1000
9264,1000
9265,2000
9266,0
9267,0
9268,2000
9269,1000
9278,0
9279,1000
9284,0
9285,1000
9286,0
9287,0
9292,1500
9293,1000
9294,0
9295,0
9296,0
9297,1000
9306,1000
9307,0
9312,0
9313,0
9318,0
9319,0
9324,0
9325,1500
9330,1000
9331,0
9336,1000
9337,1500
9340,0
9341,0
9354,1000
9355,1500
9356,1500
9357,2000
9358,2000
9359,2000
9370,0
9371,0
9382,0
9383,1000
9384,1500
9385,2000
9392,1500
9393,2000
9394,2000
9395,1500
9402,0
9403,0
9404,1000
9405,0
9406,0
9407,0
9420,0
9421,1000
9422,0
9423,0
9424,2000
9425,1000
9432,1000
9433,1000
9438,0
9439,0
9440,0
9441,0
9448,1000
9449,1500
9466,0
9467,0
9472,1000
9473,1500
9476,0
9477,0
9482,1500
9483,1500
9484,0
9485,1500
9490,1000
9491,1000
9492,0
9493,0
9496,0
9497,2000
9500,0
9501,1000
9510,0
9511,0
9514,0
9515,0
9524,1500
9525,1000
9530,0
9531,0
9534,1000
9535,1000
9544,2000
9545,1500
9546,0
9547,2000
9550,0
9551,1000
9564,2000
9565,1500
9570,2000
9571,1000
9576,1000
9577,1500
9578,1000
9579,1000
9580,0
9581,0
9594,2000
9595,2000
9598,0
9599,0
9602,0
9603,0
9616,1000
9617,2000
9626,0
9627,1500
9628,1000
9629,1000
9634,0
9635,0
9636,0
9637,2000
9646,2000
9647,2000
9662,0
9663,1000
9664,1500
9665,1500
9666,1000
9667,2000
9672,0
9673,0
9682,2000
9683,1000
9684,1000
9685,2000
9690,1000
9691,0
9694,0
9695,0
9696,0
9697,2000
9700,1000
9701,1000
9704,1000
9705,2000
9724,1500
9725,0
9726,1000
9727,2000
9730,2000
9731,1500
9738,1500
9739,1000
9750,1000
9751,2000
9758,1500
9759,1000
9774,2000
9775,2000
9790,0
9791,0
9792,0
9793,2000
9798,1000
9799,1000
9800,0
9801,1000
9808,1000
9809,1500
9812,1500
9813,1000
9814,1500
9815,2000
9826,0
9827,0
9828,1000
9829,2000
9832,1500
9833,2000
9836,0
9837,0
9840,0
9841,0
9846,0
9847,1000
9850,0
9851,0
9854,1000
9855,2000
9866,0
9867,0
9876,1000
9877,1000
9882,1000
9883,1000
9892,0
9893,0
9903,0
9905,0
9907,0
9909,0
9914,1500
9915,1500
9922,0
9923,0
9924,1500
9925,1000
9946,0
9947,0
9950,2000
9951,2000
9954,0
9955,0
9978,0
9979,0
9986,0
9987,0
9988,1500
9989,0
9998,1500
9999,0
10004,0
10005,0
10008,0
10009,0
10012,0
10013,0
10018,0
10019,0
10022,0
10023,0
10028,0
10029,0
10030,0
10031,0
10036,1000
10037,1000
10038,0
10039,1000
10042,0
10043,0
10048,0
10049,0
10050,0
10051,0
10060,0
10061,0
10070,0
10071,1500
10076,0
10077,0
10080,1000
10081,1000
10084,0
10085,1000
10086,0
10087,0
10092,0
10093,0
10100,1500
10101,0
10106,0
10107,1000
10112,0
10113,0
10116,0
10117,0
10124,0
10125,0
10128,0
10129,0
10130,0
10131,0
10136,0
10137,1500
10146,0
10147,0
10150,0
10151,0
10152,1000
10153,1500
10154,0
10155,0
10170,0
10171,0
10174,1500
10175,2000
10176,0
10177,2000
10190,0
10191,0
10192,0
10193,0
10202,0
10203,0
10206,0
10207,0
10212,0
10213,0
10216,0
10217,0
10220,0
10221,0
10228,0
10229,0
10230,1000
10231,1000
10238,1000
10239,0
10244,1000
10245,1000
10264,1000
10265,1000
10268,2000
10269,0
10270,0
10271,1000
10276,1000
10277,2000
10278,1000
10279,0
10280,0
10281,1500
10284,0
10285,1000
10298,0
10299,1500
10312,0
10313,1000
10314,1000
10315,1000
10320,2000
10321,0
10326,1000
10327,0
10336,0
10337,1000
10342,1000
10343,0
10348,1000
10349,0
10360,2000
10361,1000
10362,1000
10363,1000
10364,1000
10365,0
10370,1000
10371,1000
10386,1000
10387,1500
10400,1500
10401,0
10402,0
10403,0
10414,2000
10415,0
10428,2000
10429,2000
10430,0
10431,0
10432,0
10433,1000
10434,1000
10435,0
10436,0
10437,1000
10442,1000
10443,1000
10446,0
10447,1000
10448,1500
10449,1000
10460,1500
10461,1000
10472,0
10473,0
10474,1000
10475,0
10478,0
10479,0
10480,1000
10481,1000
10484,0
10485,0
10494,1000
10495,1000
10500,1000
10501,1000
10502,0
10503,1500
10510,0
10511,1000
10512,0
10513,1000
10516,0
10517,0
10520,0
10521,0
10526,1000
10527,0
10528,1500
10529,0
10530,1000
10531,2000
10532,0
10533,0
10536,2000
10537,1000
10540,1000
10541,1000
10542,1000
10543,1000
10544,1000
10545,1500
10546,0
10547,1000
10550,2000
10551,0
10560,0
10561,2000
10562,1000
10563,0
10576,1500
10577,1500
10592,0
10593,0
10594,2000
10595,0
10596,2000
10597,1500
10598,1000
10599,1000
10600,1000
10601,1000
10602,1000
10603,1000
10604,1000
10605,1000
10606,1500
10607,1500
10612,0
10613,0
10614,1000
10615,1000
10622,1000
10623,1500
10628,1000
10629,2000
10644,1000
10645,2000
10646,1000
10647,1000
10658,0
10659,1000
10662,1000
10663,1000
10664,0
10665,0
10676,1000
10677,1500
10678,0
10679,0
10686,1500
10687,0
10696,1000
10697,1000
10706,1000
10707,1000
10714,2000
10715,0
10722,0
10723,0
10726,0
10727,0
10728,0
10729,0
10732,0
10733,1500
10736,1000
10737,2000
10762,1000
10763,1000
10772,0
10773,0
10776,0
10777,2000
10780,1500
10781,0
10790,0
10791,0
10792,1000
10793,1000
10796,0
10797,0
10802,0
10803,0
10808,1000
10809,1000
10810,2000
10811,1000
10812,1000
10813,1000
10816,1000
10817,1500
10818,1000
10819,1000
10820,1000
10821,1000
10824,1500
10825,2000
10832,0
10833,0
10840,0
10841,0
10842,1000
10843,0
10844,0
10845,0
10848,1000
10849,1000
10850,1000
10851,1000
10852,0
10853,0
10854,2000
10855,1000
10858,2000
10859,1500
10862,1000
10863,1000
10864,1000
10865,1000
10878,0
10879,0
10880,0
10881,0
10886,1000
10887,2000
10888,1000
10889,2000
10890,0
10891,0
10892,0
10893,1000
10894,1000
10895,1000
10898,1000
10899,1000
10902,0
10903,1000
10910,1000
10911,2000
10916,0
10917,0
10926,2000
10927,0
10928,2000
10929,1000
10936,0
10937,0
10938,2000
10939,2000
10942,0
10943,0
10948,1500
10949,1000
10954,0
10955,0
10956,0
10957,2000
10958,1000
10959,1000
10962,0
10963,1000
10988,0
10989,0
11010,1000
11011,2000
11014,1000
11015,1000
11020,0
11021,1000
11024,1000
11025,1500
11032,1000
11033,1000
11036,1000
11037,1500
11038,0
11039,0
11048,0
11049,1000
11058,0
11059,0
11062,1000
11063,0
11072,1000
11073,1500
11090,1000
11091,0
11106,1000
11107,2000
11114,1000
11115,1000
11116,1000
11117,1500
11120,2000
11121,2000
11124,1000
11125,1000
11126,1000
11127,1000
11136,1000
11137,1500
11156,1000
11157,1000
11164,1000
11165,1000
11166,1000
11167,1000
11172,0
11173,0
11176,0
11177,1000
11190,1000
11191,1000
11194,0
11195,0
11200,0
11201,0
11202,0
11203,1000
11206,0
11207,0
11220,0
11221,0
11228,0
11229,1000
11234,0
11235,0
11238,0
11239,0
11242,0
11243,0
11246,0
11247,0
11248,0
11249,0
11252,0
11253,0
11254,0
11255,1000
11256,0
11257,0
11260,0
11261,0
11270,0
11271,1500
11274,0
11275,1000
11278,0
11279,0
11280,0
11281,0
11284,0
11285,0
11286,0
11287,0
11290,0
11291,0
11292,0
11293,0
11296,0
11297,0
11302,0
11303,0
11316,0
11317,0
11340,1500
11341,1000
11344,0
11345,0
11350,0
11351,0
11352,0
11353,0
11364,0
11365,0
11370,0
11371,1000
11372,0
11373,0
11374,0
11375,0
11384,0
11385,0
11386,0
11387,0
11388,0
11389,0
11392,0
11393,1000
11400,0
11401,0
11412,0
11413,1500
11418,0
11419,0
11420,0
11421,0
11428,0
11429,0
11446,0
11447,0
11448,0
11449,0
11450,0
11451,0
11454,0
11455,0
11458,0
11459,1500
11466,0
11467,0
11468,0
11469,0
11482,0
11483,0
11484,0
11485,0
11492,0
11493,0
11504,0
11505,0
11506,0
11507,0
11508,0
11509,0
11512,0
11513,0
11514,0
11515,1500
11520,0
11521,0
11524,0
11525,0
11526,0
11527,0
11538,0
11539,0
11552,2000
11553,1000
11554,0
11555,0
11560,0
11561,1000
11562,0
11563,2000
11564,0
11565,1500
11572,0
11573,2000
11574,0
11575,0
11576,0
11577,1000
11578,0
11579,0
11582,0
11583,1500
11588,0
11589,0
11590,1500
11591,1500
11608,0
11609,0
11610,0
11611,0
11616,0
11617,0
11618,0
11619,0
11620,0
11621,0
11622,0
11623,0
11642,0
11643,0
11646,0
11647,0
11662,0
11663,0
11668,0
11669,0
11672,0
11673,1500
11676,0
11677,2000
11696,0
11697,1500
11700,0
11701,0
11702,0
11703,0
11706,0
11707,0
11710,0
11711,1000
11716,0
11717,0
11720,1500
11721,1500
11726,0
11727,0
11736,0
11737,0
11742,0
11743,0
11744,0
11745,0
11746,0
11747,0
11756,0
11757,2000
11766,0
11767,1000
11768,0
11769,1000
11782,0
11783,0
11786,0
11787,2000
11796,0
11797,0
11800,0
11801,0
11804,0
11805,1000
11808,0
11809,1000
11812,0
11813,0
11818,0
11819,0
11832,0
11833,1000
11838,0
11839,0
11840,0
11841,1000
11842,0
11843,0
11846,0
11847,0
11850,0
11851,0
11854,0
11855,1500
11856,0
11857,0
11862,0
11863,0
11864,0
11865,0
11870,0
11871,0
11876,0
11877,0
11882,0
11883,1500
11886,0
11887,2000
11892,0
11893,1000
11906,0
11907,0
11908,0
11909,0
11910,0
11911,0
11914,0
11915,2000
11916,0
11917,0
11920,0
11921,0
11922,0
11923,0
11924,0
11925,0
11928,0
11929,0
11930,0
11931,1000
11936,0
11937,1000
11938,0
11939,1500
11944,0
11945,0
11958,0
11959,1000
11970,0
11971,0
11988,0
11989,0
11992,0
11993,1500
11996,0
11997,1000
11998,0
11999,1500
12000,0
12001,0
12012,0
12013,0
12026,0
12027,1000
12028,0
12029,0
12032,0
12033,0
12036,0
12037,1000
12044,0
12045,0
12052,0
12053,1000
12056,0
12057,0
12060,0
12061,1000
12062,0
12063,1000
12066,0
12067,2000
12070,0
12071,0
12076,0
12077,1000
12080,0
12081,2000
12084,0
12085,0
12088,0
12089,2000
12090,0
12091,0
12092,0
12093,0
12102,0
12103,0
12110,0
12111,0
12116,0
12117,2000
12120,0
12121,1000
12132,0
12133,0
12134,0
12135,0
12136,0
12137,0
12138,0
12139,0
12154,0
12155,0
12164,0
12165,0
12166,0
12167,0
12172,0
12173,0
12180,0
12181,0
12190,0
12191,0
12194,0
12195,0
12196,0
12197,0
12200,0
12201,2000
12208,0
12209,0
12210,0
12211,0
12220,0
12221,0
12222,0
12223,0
12224,0
12225,0
12226,0
12227,0
12234,0
12235,0
12258,0
12259,0
12270,0
12271,0
12274,0
12275,0
12276,0
12277,0
12292,0
12293,0
12302,0
12303,0
12304,0
12305,0
12308,0
12309,0
12316,0
12317,0
12320,0
12321,0
12322,0
12323,0
12326,0
12327,1500
12328,0
12329,0
12334,0
12335,0
12336,0
12337,0
12340,0
12341,0
12342,0
12343,0
12346,0
12347,0
12348,0
12349,0
12354,0
12355,1500
12366,0
12367,0
12368,0
12369,2000
12372,0
12373,0
12378,0
12379,0
12384,0
12385,0
12388,0
12389,0
12390,0
12391,0
12392,0
12393,1500
12394,0
12395,0
12414,0
12415,1000
12416,0
12417,0
12422,0
12423,0
12424,0
12425,0
12428,0
12429,0
12434,0
12435,0
12442,0
12443,0
12454,0
12455,0
12456,0
12457,0
12460,0
12461,0
12462,0
12463,0
12474,0
12475,0
12486,0
12487,0
12498,0
12499,0
12502,0
12503,0
12506,0
12507,0
12510,0
12511,0
12516,0
12517,1500
12520,0
12521,0
12522,0
12523,0
12528,0
12529,0
12536,0
12537,0
12538,0
12539,1000
12540,0
12541,1000
12550,0
12551,0
12558,0
12559,1500
12568,0
12569,0
12570,0
12571,1000
12580,0
12581,2000
12590,0
12591,0
12598,0
12599,1000
12600,0
12601,2000
12606,0
12607,1000
12608,0
12609,2000
12614,0
12615,2000
12616,0
12617,0
12620,0
12621,0
12622,0
12623,1500
12626,0
12627,0
12630,0
12631,1000
12638,0
12639,2000
12648,0
12649,2000
12658,0
12659,1000
12660,0
12661,1500
12664,0
12665,2000
12674,0
12675,1000
12678,0
12679,0
12680,0
12681,1500
12682,0
12683,0
12686,0
12687,1500
12688,0
12689,0
12692,0
12693,1000
12698,0
12699,2000
12704,0
12705,1000
12716,0
12717,0
12722,0
12723,1000
12734,0
12735,0
12736,0
12737,0
12738,0
12739,1000
12748,0
12749,1500
12750,0
12751,0
12760,0
12761,0
12762,0
12763,1000
12768,0
12769,0
12770,0
12771,0
12778,0
12779,0
12784,0
12785,0
12786,0
12787,1000
12788,0
12789,1000
12790,0
12791,0
12796,0
12797,0
12806,0
12807,0
12828,0
12829,1000
12830,0
12831,1500
12832,0
12833,1000
12834,1500
12835,1000
12836,0
12837,0
12838,0
12839,2000
12848,0
12849,0
12856,0
12857,1500
12874,0
12875,1500
12878,0
12879,1500
12882,0
12883,1000
12888,0
12889,0
12896,0
12897,1500
12910,0
12911,0
12914,0
12915,1000
12920,0
12921,1000
12930,0
12931,1000
12936,0
12937,0
12942,0
12943,1000
12944,0
12945,1000
12946,0
12947,0
12948,0
12949,1500
12960,1500
12961,1000
12964,0
12965,2000
12970,0
12971,2000
12972,1000
12973,2000
12982,0
12983,0
12984,0
12985,0
12986,0
12987,1000
12990,0
12991,0
12994,0
12995,0
13000,0
13001,1000
13004,0
13005,2000
13006,0
13007,0
13008,0
13009,0
13010,0
13011,0
13016,0
13017,1000
13018,0
13019,0
13022,0
13023,0
13024,0
13025,0
13044,0
13045,0
13056,0
13057,0
13064,0
13065,0
13066,0
13067,2000
13070,0
13071,0
13072,0
13073,0
13076,0
13077,2000
13080,0
13081,2000
13082,0
13083,0
13084,0
13085,2000
13112,0
13113,0
13114,0
13115,2000
13118,0
13119,0
13122,0
13123,0
13142,0
13143,0
13152,0
13153,0
13154,0
13155,0
13166,0
13167,0
13178,0
13179,1500
13184,0
13185,0
13186,0
13187,0
13204,0
13205,0
13210,0
13211,0
13226,0
13227,2000
13228,0
13229,0
13230,0
13231,0
13234,0
13235,0
13238,0
13239,1000
13248,0
13249,1000
13260,0
13261,0
13264,0
13265,2000
13266,0
13267,2000
13268,0
13269,2000
13278,0
13279,2000
13280,0
13281,1500
13290,0
13291,0
13294,0
13295,1000
13310,0
13311,0
13328,0
13329,2000
13340,2000
13341,2000
13346,0
13347,2000
13354,0
13355,1500
13368,0
13369,0
13370,0
13371,0
13374,0
13375,2000
13378,0
13379,1500
13380,0
13381,2000
13386,0
13387,1000
13390,0
13391,0
13394,0
13395,2000
13412,0
13413,0
13426,0
13427,0
13428,0
13429,0
13436,0
13437,0
13438,0
13439,0
13446,0
13447,0
13458,0
13459,0
13462,0
13463,0
13464,0
13465,0
13470,0
13471,0
13474,0
13475,2000
13484,0
13485,0
13488,0
13489,0
13498,0
13499,2000
13502,0
13503,0
13506,0
13507,2000
13512,0
13513,1000
13520,0
13521,0
13522,0
13523,0
13528,0
13529,0
13530,0
13531,0
13532,0
13533,2000
13536,0
13537,0
13538,0
13539,0
13540,0
13541,0
13542,0
13543,0
13556,0
13557,0
13560,0
13561,1000
13568,0
13569,0
13572,0
13573,0
13588,0
13589,0
13590,0
13591,0
13594,0
13595,0
13604,0
13605,0
13606,0
13607,0
13618,1500
13619,1000
13624,0
13625,1000
13632,0
13633,0
13640,0
13641,0
13642,0
13643,0
13648,0
13649,0
13654,0
13655,1000
13656,0
13657,0
13658,0
13659,0
13662,0
13663,1000
13674,0
13675,1000
13680,0
13681,1000
13686,0
13687,0
13688,0
13689,2000
13696,0
13697,1500
13724,0
13725,0
13726,0
13727,1500
13730,0
13731,0
13734,0
13735,2000
13742,1500
13743,1000
13746,0
13747,1000
13768,0
13769,0
13770,0
13771,0
13772,0
13773,0
13778,0
13779,0
13780,0
13781,0
13784,0
13785,1500
13790,0
13791,0
13794,0
13795,1000
13800,0
13801,0
13802,0
13803,1000
13806,0
13807,0
13808,0
13809,0
13812,0
13813,0
13842,1500
13843,1000
13848,0
13849,2000
13862,0
13863,0
13864,0
13865,0
13866,0
13867,0
13870,0
13871,0
13874,0
13875,0
13892,0
13893,2000
13902,0
13903,1500
13906,0
13907,1000
13908,0
13909,2000
13912,0
13913,0
13914,0
13915,0
13918,0
13919,2000
13922,0
13923,0
13926,0
13927,1000
13936,0
13937,1000
13940,0
13941,0
13944,0
13945,1500
13956,2000
13957,2000
13962,0
13963,0
13968,0
13969,1000
13970,0
13971,1000
13972,0
13973,1500
13974,0
13975,1000
13990,0
13991,2000
13992,0
13993,0
13994,0
13995,2000
13996,0
13997,0
13998,0
13999,0
14002,0
14003,0
14004,0
14005,0
14008,0
14009,0
14010,0
14011,1500
14012,0
14013,0
14014,0
14015,1000
14018,0
14019,1000
14034,0
14035,1000
14038,0
14039,0
14048,0
14049,0
14054,0
14055,0
14062,0
14063,1000
14070,0
14071,1000
14078,0
14079,0
14080,0
14081,1000
14082,0
14083,0
14094,0
14095,0
14100,0
14101,0
14102,0
14103,1500
14108,0
14109,1000
14110,0
14111,1000
14112,0
14113,0
14122,0
14123,2000
14126,0
14127,0
14130,0
14131,0
14170,0
14171,0
14178,0
14179,1000
14192,1000
14193,1000
14210,0
14211,0
14226,0
14227,0
14228,0
14229,1000
14232,0
14233,1000
14234,0
14235,1000
14240,0
14241,0
14244,0
14245,2000
14256,0
14257,0
14262,0
14263,1500
14268,0
14269,0
14270,0
14271,0
14272,0
14273,0
14278,2000
14279,2000
14282,2000
14283,0
14284,0
14285,0
14288,0
14289,1000
14306,0
14307,0
14308,0
14309,1000
14326,0
14327,2000
14332,0
14333,2000
14334,0
14335,1000
14338,2000
14339,1000
14342,0
14343,1000
14356,0
14357,0
14358,0
14359,0
14366,0
14367,0
14378,0
14379,0
14380,0
14381,0
14388,0
14389,2000
14390,0
14391,0
14394,2000
14395,2000
14404,0
14405,0
14408,0
14409,0
14418,0
14419,0
14430,0
14431,0
14436,0
14437,0
14440,0
14441,0
14442,0
14443,0
14444,0
14445,0
14456,0
14457,0
14462,0
14463,2000
14464,0
14465,1000
14468,0
14469,1500
14474,0
14475,0
14478,0
14479,0
14480,0
14481,0
14488,0
14489,0
14518,0
14519,1500
14520,0
14521,0
14524,0
14525,0
14526,0
14527,1000
14540,0
14541,0
14542,0
14543,0
14548,1000
14549,1000
14550,0
14551,1000
14574,0
14575,1500
14576,0
14577,2000
14590,0
14591,1000
14594,0
14595,2000
14596,0
14597,0
14608,0
14609,0
14610,0
14611,0
14614,0
14615,0
14622,0
14623,0
14626,0
14627,0
14634,0
14635,0
14638,0
14639,0
14640,0
14641,0
14644,0
14645,0
14646,0
14647,0
14648,0
14649,0
14654,0
14655,0
14656,0
14657,0
14666,0
14667,1000
14672,0
14673,0
14674,0
14675,0
14676,0
14677,0
14678,0
14679,0
14682,0
14683,0
14686,0
14687,0
14688,0
14689,0
14690,0
14691,0
14692,0
14693,0
14700,0
14701,0
14702,0
14703,0
14714,0
14715,1000
14720,0
14721,0
14722,0
14723,0
14734,0
14735,0
14736,0
14737,0
14748,0
14749,0
14750,0
14751,0
14768,0
14769,0
14770,0
14771,0
14776,0
14777,1500
14790,0
14791,0
14792,0
14793,0
14796,0
14797,1000
14800,0
14801,0
14806,0
14807,0
14808,0
14809,0
14822,0
14823,0
14840,0
14841,1500
14844,0
14845,0
14846,0
14847,0
14848,0
14849,0
14852,0
14853,1500
14866,0
14867,0
14868,0
14869,1000
14872,0
14873,1500
14874,0
14875,0
14876,0
14877,1500
14884,0
14885,0
14892,0
14893,2000
14912,0
14913,0
14916,0
14917,2000
14918,0
14919,0
14920,0
14921,0
14946,0
14947,0
14952,0
14953,0
14954,0
14955,1000
14958,0
14959,0
14962,0
14963,1000
14964,0
14965,1500
14968,0
14969,0
14984,0
14985,0
14992,0
14993,0
14994,0
14995,0
14996,0
14997,0
15000,0
15001,1000
15004,0
15005,0
15006,0
15007,0
15010,0
15011,0
15014,0
15015,0
15016,0
15017,0
15018,0
15019,0
15028,0
15029,0
15036,0
15037,1500
15038,0
15039,0
15040,0
15041,0
15054,0
15055,0
15058,0
15059,0
15062,2000
15063,2000
15064,0
15065,0
15066,0
15067,0
15068,0
15069,0
15072,0
15073,2000
15078,0
15079,1000
15080,0
15081,2000
15088,0
15089,0
15090,0
15091,2000
15100,0
15101,0
15104,0
15105,0
15108,0
15109,0
15112,0
15113,0
15114,0
15115,0
15130,0
15131,2000
15132,0
15133,0
15138,0
15139,0
15144,0
15145,0
15152,0
15153,1500
15158,0
15159,0
15160,0
15161,0
15164,0
15165,0
15168,1000
15169,2000
15184,0
15185,0
15190,0
15191,0
15194,0
15195,0
15200,0
15201,0
15202,0
15203,0
15206,0
15207,1000
15210,0
15211,1000
15214,0
15215,1000
15220,0
15221,1500
15222,0
15223,1000
15228,0
15229,0
15234,0
15235,0
15236,0
15237,0
15240,0
15241,0
15242,0
15243,1000
15252,0
15253,0
15254,0
15255,0
15260,0
15261,1500
15264,0
15265,2000
15272,0
15273,0
15280,0
15281,1500
15286,0
15287,1000
15288,0
15289,0
15292,0
15293,0
15294,0
15295,0
15296,0
15297,0
15298,0
15299,0
15300,0
15301,1000
15306,0
15307,0
15310,0
15311,0
15318,0
15319,0
15320,0
15321,0
15322,0
15323,0
15324,1000
15325,1000
15330,0
15331,0
15332,0
15333,0
15334,0
15335,0
15336,0
15337,0
15338,0
15339,0
15350,0
15351,1000
15356,0
15357,0
15360,0
15361,0
15372,0
15373,0
15378,0
15379,1000
15382,0
15383,1000
15394,0
15395,0
15396,0
15397,0
15398,0
15399,0
15414,0
15415,0
15418,1500
15419,1000
15420,0
15421,0
15426,0
15427,0
15430,0
15431,0
15432,0
15433,0
15444,0
15445,1000
15450,0
15451,0
15454,0
15455,0
15458,0
15459,0
15462,0
15463,0
15466,0
15467,0
15480,0
15481,1500
15484,0
15485,1500
15488,0
15489,0
15494,0
15495,1000
15508,0
15509,0
15516,0
15517,0
15522,1500
15523,0
15526,0
15527,0
15534,0
15535,0
15546,0
15547,0
15556,0
15557,0
15572,0
15573,1500
15576,0
15577,0
15584,0
15585,0
15600,0
15601,0
15604,0
15605,0
15614,0
15615,0
15620,0
15621,0
15622,0
15623,1000
15628,0
15629,0
15630,0
15631,0
15638,0
15639,0
15646,0
15647,1500
15654,0
15655,1000
15660,0
15661,1500
15674,0
15675,1000
15676,0
15677,1000
15678,0
15679,0
15680,0
15681,0
15690,0
15691,1500
15704,0
15705,0
15706,0
15707,0
15710,0
15711,0
15720,0
15721,0
15724,0
15725,2000
15726,0
15727,0
15732,0
15733,2000
15742,0
15743,1500
15744,0
15745,0
15758,0
15759,2000
15784,0
15785,0
15790,0
15791,1000
15808,0
15809,0
15820,0
15821,0
15822,0
15823,0
15826,0
15827,0
15832,0
15833,1000
15846,0
15847,1500
15848,0
15849,0
15850,0
15851,0
15852,0
15853,1500
15856,0
15857,2000
15862,0
15863,1500
15864,0
15865,0
15886,0
15887,0
15892,0
15893,0
15898,0
15899,1000
15900,1000
15901,1000
15914,0
15915,1500
15916,0
15917,2000
15928,0
15929,0
15932,0
15933,0
15934,0
15935,2000
15936,0
15937,2000
15940,0
15941,1000
15946,0
15947,0
15948,0
15949,1000
15952,0
15953,0
15954,0
15955,1000
15964,0
15965,0
15968,0
15969,0
15970,0
15971,0
15980,0
15981,0
16004,0
16005,0
16008,0
16009,0
16030,0
16031,0
16038,0
16039,0
16040,0
16041,0
16058,0
16059,2000
16068,0
16069,1000
16072,0
16073,0
16074,0
16075,0
16080,0
16081,0
16086,2000
16087,1000
16088,0
16089,0
16090,0
16091,0
16094,0
16095,0
16110,0
16111,1500
16132,0
16133,0
16136,0
16137,0
16140,0
16141,0
16148,0
16149,0
16150,0
16151,0
16152,0
16153,0
16168,0
16169,0
16172,0
16173,0
16190,0
16191,1000
16192,0
16193,0
16198,0
16199,0
16208,0
16209,1000
16212,0
16213,0
16216,0
16217,0
16226,1000
16227,1000
16238,0
16239,0
16246,0
16247,0
16248,0
16249,0
16250,0
16251,0
16254,0
16255,1000
16258,0
16259,1000
16260,0
16261,0
16268,0
16269,0
16272,0
16273,1500
16274,0
16275,1500
16276,0
16277,0
16282,0
16283,0
16284,1000
16285,1000
16286,0
16287,0
16292,0
16293,0
16294,0
16295,0
16296,0
16297,1500
16314,0
16315,0
16320,0
16321,1500
16322,0
16323,1000
16326,0
16327,0
16330,0
16331,0
16338,0
16339,0
16350,0
16351,2000
16352,0
16353,2000
16354,0
16355,0
16368,0
16369,0
16372,0
16373,1000
16378,0
16379,0
16390,0
16391,1500
16394,0
16395,1500
16396,0
16397,0
16408,0
16409,0
16410,0
16411,0
16422,0
16423,2000
16432,0
16433,0
16472,0
16473,0
16474,0
16475,1000
16490,0
16491,1500
16496,0
16497,0
16502,0
16503,1000
16504,0
16505,0
16508,0
16509,0
16526,0
16527,0
16530,0
16531,0
16534,0
16535,0
16536,0
16537,0
16544,0
16545,0
16552,0
16553,2000
16560,0
16561,1000
16564,0
16565,1000
16566,0
16567,0
16572,0
16573,0
16574,2000
16575,1000
16582,0
16583,0
16586,0
16587,0
16594,0
16595,0
16602,0
16603,0
16618,0
16619,0
16628,0
16629,1000
16642,0
16643,1000
16644,0
16645,0
16660,0
16661,0
16664,0
16665,2000
16666,0
16667,1500
16682,0
16683,0
16686,0
16687,0
16692,0
16693,0
16698,0
16699,1000
16700,0
16701,2000
16704,0
16705,0
16708,0
16709,0
16712,0
16713,0
16724,0
16725,0
16726,0
16727,2000
16730,0
16731,0
16740,0
16741,0
16746,0
16747,1500
16756,0
16757,1000
16762,0
16763,0
16768,0
16769,0
16778,0
16779,0
16784,0
16785,1500
16800,0
16801,0
16808,1000
16809,1500
16816,0
16817,0
16834,0
16835,1500
16838,0
16839,2000
16840,0
16841,2000
16846,0
16847,0
16850,0
16851,0
16852,0
16853,0
16858,0
16859,0
16862,0
16863,2000
16864,0
16865,1500
16876,0
16877,0
16882,0
16883,0
16892,0
16893,0
16894,0
16895,1000
16902,0
16903,2000
16906,0
16907,0
16908,0
16909,1000
16910,0
16911,0
16914,0
16915,2000
16920,0
16921,2000
16922,0
16923,1000
16926,0
16927,0
16942,0
16943,1000
16956,2000
16957,0
16970,0
16971,0
16976,0
16977,0
16988,0
16989,1000
16998,0
16999,0
17000,0
17001,0
17008,0
17009,1000
17010,0
17011,0
17012,0
17013,1000
17020,0
17021,0
17022,0
17023,2000
17024,0
17025,0
17028,0
17029,0
17036,0
17037,0
17042,0
17043,1000
17046,0
17047,0
17066,0
17067,1500
17080,0
17081,1000
17082,0
17083,0
17084,0
17085,0
17088,0
17089,0
17092,0
17093,2000
17096,0
17097,0
17108,0
17109,0
17110,0
17111,1000
17112,0
17113,0
17124,0
17125,0
17130,0
17131,0
17132,0
17133,0
17134,0
17135,0
17136,0
17137,0
17138,0
17139,0
17144,0
17145,1000
17146,0
17147,0
17156,0
17157,0
17158,0
17159,0
17172,0
17173,0
17176,0
17177,1000
17184,0
17185,1000
17186,0
17187,0
17192,0
17193,1000
17194,1000
17195,1500
17196,0
17197,0
17198,0
17199,1000
17206,0
17207,0
17212,0
17213,0
17214,0
17215,1500
17216,0
17217,2000
17222,0
17223,0
17226,0
17227,0
17228,0
17229,0
17234,0
17235,2000
17238,0
17239,1500
17250,0
17251,2000
17260,0
17261,0
17262,0
17263,1500
17264,0
17265,1000
17268,0
17269,1000
17280,0
17281,0
17282,0
17283,1000
17286,0
17287,1000
17294,0
17295,2000
17298,0
17299,2000
17308,0
17309,1500
17316,0
17317,0
17320,0
17321,0
17326,0
17327,2000
17328,0
17329,1000
17330,0
17331,0
17340,0
17341,2000
17348,0
17349,0
17352,0
17353,0
17360,0
17361,0
17376,0
17377,1000
17378,0
17379,0
17388,0
17389,0
17396,0
17397,0
17404,0
17405,0
17414,0
17415,1500
17420,0
17421,1000
17426,0
17427,2000
17430,0
17431,1000
17442,0
17443,1500
17444,0
17445,0
17446,0
17447,0
17448,0
17449,0
17450,0
17451,1500
17452,0
17453,2000
17458,0
17459,0
17464,0
17465,0
17468,0
17469,1500
17470,0
17471,0
17472,0
17473,0
17480,0
17481,1000
17492,0
17493,0
17498,0
17499,1000
17506,0
17507,0
17510,0
17511,1000
17518,0
17519,2000
17522,0
17523,1000
17530,0
17531,2000
17536,0
17537,1000
17542,0
17543,0
17546,0
17547,0
17548,0
17549,0
17550,0
17551,0
17552,0
17553,0
17554,0
17555,0
17556,0
17557,0
17560,0
17561,0
17566,0
17567,0
17570,0
17571,0
17572,0
17573,0
17578,0
17579,0
17580,0
17581,0
17590,0
17591,0
17592,0
17593,0
17594,0
17595,0
17598,0
17599,0
17602,0
17603,0
17604,0
17605,0
17606,0
17607,0
17608,2000
17609,0
17612,0
17613,0
17616,0
17617,1000
17620,0
17621,0
17632,0
17633,1000
17642,0
17643,2000
17650,0
17651,0
17652,0
17653,1000
17656,0
17657,1000
17658,0
17659,1000
17664,0
17665,0
17676,0
17677,0
17680,0
17681,0
17682,0
17683,2000
17684,0
17685,0
17688,0
17689,2000
17692,0
17693,1000
17694,0
17695,0
17696,0
17697,0
17704,0
17705,0
17712,1000
17713,1000
17714,0
17715,1000
17738,0
17739,1500
17742,1000
17743,1000
17750,0
17751,0
17758,0
17759,0
17762,0
17763,0
17768,0
17769,0
17772,0
17773,0
17774,0
17775,1000
17776,0
17777,0
17778,0
17779,0
17782,0
17783,0
17790,0
17791,0
17792,0
17793,0
17800,0
17801,1500
17804,0
17805,1500
17806,0
17807,2000
17812,0
17813,2000
17816,0
17817,1000
17820,1000
17821,1000
17830,0
17831,1000
17836,0
17837,1000
17844,0
17845,0
17862,0
17863,1000
17874,0
17875,0
17878,0
17879,1500
17886,0
17887,1000
17890,0
17891,0
17892,0
17893,1000
17896,0
17897,1000
17902,0
17903,0
17926,0
17927,2000
17934,0
17935,0
17946,0
17947,0
17952,0
17953,0
17954,0
17955,0
17958,0
17959,0
17960,0
17961,1000
17972,1000
17973,1000
17980,0
17981,2000
17992,0
17993,1000
17998,0
17999,1000
18006,0
18007,2000
18014,0
18015,0
18050,0
18051,0
18054,0
18055,0
18062,0
18063,0
18082,0
18083,1000
18086,0
18087,1500
18088,0
18089,2000
18090,0
18091,0
18102,0
18103,1500
18106,0
18107,0
18108,0
18109,1000
18114,0
18115,2000
18116,0
18117,2000
18126,0
18127,1000
18128,0
18129,1000
18132,0
18133,0
18138,0
18139,0
18146,0
18147,2000
18158,0
18159,0
18170,0
18171,0
18182,0
18183,0
18186,0
18187,1000
18202,0
18203,0
18204,0
18205,0
18206,0
18207,0
18212,0
18213,0
18216,0
18217,1000
18220,0
18221,0
18228,0
18229,0
18240,0
18241,0
18254,0
18255,1000
18274,0
18275,0
18276,0
18277,0
18280,0
18281,1500
18282,0
18283,1000
18290,0
18291,2000
18298,0
18299,2000
18312,0
18313,2000
18314,0
18315,1000
18320,0
18321,0
18324,0
18325,0
18326,0
18327,0
18332,0
18333,2000
18340,0
18341,1000
18350,0
18351,0
18352,0
18353,1000
18368,0
18369,1000
18372,0
18373,1000
18380,0
18381,1000
18394,0
18395,0
18398,0
18399,0
18410,1000
18411,0
18424,0
18425,0
18430,1000
18431,2000
18432,0
18433,1500
18448,0
18449,0
18450,0
18451,1000
18456,2000
18457,1000
18458,2000
18459,1000
18464,0
18465,1000
18468,1500
18469,1000
18472,0
18473,0
18480,0
18481,1000
18486,1000
18487,2000
18488,0
18489,2000
18500,0
18501,1500
18502,0
18503,1000
18508,0
18509,0
18510,0
18511,0
18514,0
18515,1000
18516,0
18517,2000
18526,0
18527,0
18530,0
18531,1000
18548,0
18549,1000
18556,0
18557,0
18580,0
18581,0
18590,0
18591,0
18596,0
18597,0
18598,0
18599,0
18602,0
18603,0
18610,0
18611,1000
18612,0
18613,2000
18614,1000
18615,2000
18616,0
18617,0
18630,0
18631,0
18634,0
18635,0
18638,2000
18639,1000
18660,0
18661,1000
18662,0
18663,0
18666,0
18667,0
18672,0
18673,2000
18678,0
18679,2000
18694,0
18695,0
18706,0
18707,0
18708,1000
18709,2000
18714,0
18715,2000
18718,0
18719,2000
18724,0
18725,0
18730,0
18731,0
18732,0
18733,0
18744,0
18745,0
18746,0
18747,0
18748,0
18749,0
18750,1000
18751,1000
18752,2000
18753,0
18760,0
18761,1000
18768,0
18769,1000
18776,0
18777,1000
18782,0
18783,1500
18788,0
18789,0
18804,0
18805,0
18808,0
18809,1500
18816,0
18817,1500
18818,0
18819,0
18826,0
18827,1000
18830,1000
18831,2000
18834,0
18835,2000
18842,0
18843,0
18848,1000
18849,1000
18856,0
18857,1000
18858,1000
18859,0
18868,0
18869,0
18870,0
18871,0
18874,0
18875,0
18876,0
18877,1000
18884,0
18885,0
18886,0
18887,1000
18888,0
18889,0
18894,0
18895,2000
18898,0
18899,0
18900,0
18901,1000
18902,0
18903,1000
18904,0
18905,1000
18916,0
18917,1000
18930,0
18931,1000
18932,0
18933,1000
18946,0
18947,1000
18952,0
18953,0
18958,0
18959,0
18962,0
18963,0
18968,0
18969,1000
18978,0
18979,0
18980,0
18981,0
18990,0
18991,0
18998,0
18999,0
19002,0
19003,0
19004,0
19005,1000
19014,0
19015,1000
19016,0
19017,0
19034,0
19035,0
19054,0
19055,0
19068,1000
19069,1000
19072,0
19073,1000
19078,0
19079,0
19080,0
19081,1000
19086,0
19087,0
19088,0
19089,0
19090,0
19091,0
19092,0
19093,0
19094,0
19095,0
19096,0
19097,0
19112,0
19113,0
19114,0
19115,0
19128,0
19129,1000
19132,0
19133,0
19156,0
19157,0
19158,0
19159,2000
19160,0
19161,0
19162,0
19163,0
19164,0
19165,1000
19172,0
19173,1500
19174,0
19175,0
19176,0
19177,1500
19178,0
19179,0
19180,0
19181,0
19182,0
19183,1000
19190,0
19191,0
19194,0
19195,0
19198,0
19199,0
19214,0
19215,2000
19230,0
19231,0
19232,0
19233,0
19234,0
19235,1500
19240,0
19241,0
19246,0
19247,0
19248,0
19249,0
19260,0
19261,0
19262,0
19263,0
19264,0
19265,0
19276,0
19277,0
19292,0
19293,0
19296,0
19297,1500
19308,0
19309,1000
19312,0
19313,1500
19314,0
19315,0
19316,0
19317,0
19318,0
19319,2000
19326,0
19327,0
19328,0
19329,0
19334,0
19335,0
19336,0
19337,0
19342,0
19343,1500
19354,0
19355,2000
19360,0
19361,2000
19362,0
19363,0
19366,0
19367,0
19372,0
19373,0
19374,0
19375,1000
19380,0
19381,0
19382,0
19383,0
19384,0
19385,0
19390,0
19391,0
19394,0
19395,0
19398,0
19399,0
19408,0
19409,1000
19412,0
19413,1000
19432,0
19433,0
19452,0
19453,2000
19456,0
19457,0
19462,0
19463,0
19464,0
19465,0
19478,0
19479,0
19488,0
19489,1500
19490,0
19491,0
19494,0
19495,0
19496,0
19497,0
19500,0
19501,0
19502,0
19503,1500
19506,0
19507,0
19510,0
19511,1500
19512,0
19513,0
19516,0
19517,2000
19546,0
19547,0
19560,0
19561,0
19566,1000
19567,0
19572,0
19573,0
19586,0
19587,0
19588,0
19589,2000
19590,0
19591,1000
19596,0
19597,0
19598,0
19599,1000
19606,0
19607,2000
19608,0
19609,0
19616,0
19617,0
19620,0
19621,0
19624,0
19625,0
19626,0
19627,0
19628,0
19629,0
19632,0
19633,0
19646,0
19647,0
19652,0
19653,1000
19654,0
19655,0
19658,0
19659,0
19668,0
19669,0
19670,0
19671,0
19674,1500
19675,1000
19676,0
19677,0
19678,0
19679,0
19680,0
19681,1500
19682,0
19683,0
19692,0
19693,0
19700,0
19701,2000
19704,0
19705,0
19706,0
19707,0
19708,0
19709,0
19710,0
19711,0
19716,0
19717,0
19718,0
19719,0
19722,0
19723,0
19724,0
19725,1000
19736,0
19737,0
19740,0
19741,0
19744,0
19745,1000
19750,0
19751,1500
19760,0
19761,2000
19762,0
19763,0
19768,0
19769,0
19778,0
19779,0
19780,0
19781,0
19786,0
19787,0
19794,0
19795,0
19800,0
19801,0
19806,0
19807,0
19808,0
19809,0
19832,0
19833,0
19834,0
19835,0
19838,0
19839,0
19842,0
19843,0
19848,0
19849,0
19856,0
19857,1000
19860,0
19861,1500
19862,0
19863,1000
19868,0
19869,0
19886,0
19887,0
19888,0
19889,2000
19892,0
19893,0
19902,0
19903,0
19904,0
19905,1000
19910,0
19911,1500
19918,0
19919,1000
19924,0
19925,0
19926,0
19927,1500
19930,0
19931,0
19932,0
19933,0
19934,0
19935,0
19936,0
19937,1500
19940,0
19941,1000
19946,0
19947,1000
19948,0
19949,1000
19950,0
19951,1500
19954,0
19955,1000
19960,0
19961,0
19962,0
19963,1000
19968,0
19969,1000
19974,0
19975,0
19976,0
19977,0
19988,0
19989,1000
19990,0
19991,0
20010,0
20011,1000
20014,1500
20015,1000
20018,0
20019,0
20020,0
20021,0
20022,0
20023,0
20032,0
20033,0
20038,0
20039,0
20040,0
20041,0
20044,0
20045,0
20046,0
20047,1000
20060,0
20061,1000
20064,0
20065,0
20068,0
20069,0
20078,0
20079,0
20086,0
20087,1000
20088,0
20089,0
20092,0
20093,0
20094,0
20095,0
20102,0
20103,1000
20104,0
20105,0
20116,0
20117,1000
20120,0
20121,1000
20126,0
20127,0
20128,0
20129,0
20130,0
20131,1000
20134,0
20135,0
20138,0
20139,1000
20140,0
20141,2000
20144,0
20145,1000
20146,0
20147,0
20156,0
20157,0
20164,0
20165,0
20176,0
20177,0
20178,0
20179,1000
20180,0
20181,0
20186,0
20187,0
20194,0
20195,0
20204,0
20205,0
20206,0
20207,0
20208,0
20209,2000
20212,0
20213,1000
20216,0
20217,1000
20222,0
20223,0
20224,0
20225,1000
20226,0
20227,0
20230,0
20231,1500
20232,1000
20233,1000
20246,0
20247,0
20248,0
20249,1000
20256,0
20257,1000
20260,1000
20261,1000
20262,0
20263,0
20266,0
20267,0
20270,0
20271,2000
20274,0
20275,1000
20278,0
20279,1000
20282,0
20283,0
20286,0
20287,0
20290,0
20291,1000
20298,0
20299,1000
20308,0
20309,0
20312,0
20313,1000
20314,0
20315,1500
20329,0
20345,0
20362,0
20363,0
20368,0
20369,1500
20370,0
20371,0
20376,0
20377,0
20380,0
20381,1000
20384,0
20385,0
20390,0
20391,1500
20392,0
20393,1000
20400,0
20401,1000
20406,0
20407,1000
20418,0
20419,0
20424,0
20425,1500
20426,0
20427,0
20432,0
20433,0
20442,0
20443,2000
20454,0
20455,0
20462,0
20463,0
20464,0
20465,0
20468,0
20469,0
20470,0
20471,0
20472,0
20473,0
20476,0
20477,0
20486,0
20487,0
20488,0
20489,0
20490,0
20491,0
20500,0
20501,0
20504,0
20505,0
20506,0
20507,0
20516,0
20517,0
20528,0
20529,0
20530,0
20531,0
20532,0
20533,0
20536,0
20537,0
20540,0
20541,1000
20542,0
20543,0
20546,0
20547,0
20552,0
20553,0
20554,0
20555,0
20558,0
20559,0
20564,0
20565,0
20568,0
20569,0
20572,0
20573,0
20576,0
20577,0
20588,0
20589,0
20600,0
20601,0
20616,0
20617,0
20636,0
20637,0
20644,0
20645,0
20654,0
20655,0
20666,0
20667,0
20670,0
20671,0
20674,0
20675,1000
20678,0
20679,0
20680,0
20681,1500
20686,0
20687,0
20696,0
20697,0
20700,0
20701,0
20702,0
20703,0
20704,0
20705,0
20706,0
20707,2000
20712,0
20713,0
20724,0
20725,0
20726,0
20727,0
20746,0
20747,0
20750,0
20751,0
20754,0
20755,0
20758,0
20759,0
20776,0
20777,0
20800,0
20801,0
20802,0
20803,0
20810,0
20811,0
20818,0
20819,0
20820,0
20821,0
20822,0
20823,0
20824,0
20825,0
20828,0
20829,0
20832,0
20833,0
20842,0
20843,0
20854,0
20855,0
20860,0
20861,0
20862,0
20863,0
20870,0
20871,0
20882,0
20883,0
20884,0
20885,0
20888,0
20889,1000
20896,0
20897,0
20904,0
20905,0
20922,0
20923,0
20924,0
20925,0
20926,0
20927,0
20930,0
20931,0
20936,0
20937,0
20942,0
20943,0
20944,0
20945,0
20946,0
20947,0
20948,0
20949,0
20954,0
20955,0
20960,0
20961,0
20972,0
20973,0
20976,0
20977,0
20988,0
20989,0
20996,0
20997,0
20998,0
20999,0
21004,0
21005,0
21006,0
21007,0
21008,0
21009,0
21010,0
21011,0
21012,0
21013,0
21020,0
21021,0
21030,0
21031,0
21042,0
21043,0
21046,0
21047,0
21056,0
21057,0
21066,0
21067,0
21076,0
21077,0
21088,0
21089,0
21090,0
21091,0
21092,0
21093,0
21098,0
21099,1000
21106,0
21107,1500
21108,0
21109,0
21122,0
21123,1000
21124,1000
21125,1000
21126,0
21127,0
21128,0
21129,2000
21130,0
21131,0
21134,1500
21135,0
21136,0
21137,2000
21144,0
21145,0
21146,1000
21147,0
21150,1000
21151,1000
21156,0
21157,0
21158,0
21159,1000
21160,0
21161,2000
21162,1000
21163,1000
21170,1500
21171,1000
21198,0
21199,0
21206,1500
21207,0
21208,0
21209,1000
21210,1500
21211,2000
21216,0
21217,0
21224,0
21225,1000
21230,0
21231,0
21236,1000
21237,1000
21270,0
21271,2000
21276,0
21277,1000
21284,0
21285,0
21300,1000
21301,2000
21302,0
21303,0
21310,0
21311,1500
21318,1500
21319,1500
21328,0
21329,0
21342,0
21343,0
21350,0
21351,1000
21354,0
21355,0
21358,0
21359,2000
21360,0
21361,0
21366,0
21367,1000
21374,0
21375,0
21376,0
21377,1000
21378,0
21379,0
21380,0
21381,0
21382,1000
21383,1000
21392,0
21393,2000
21394,0
21395,1000
21414,0
21415,1000
21416,0
21417,0
21418,0
21419,0
21422,0
21423,0
21426,2000
21427,1000
21446,0
21447,2000
21472,0
21473,1000
21474,0
21475,1000
21484,0
21485,1000
21488,1000
21489,2000
21504,2000
21505,0
21512,0
21513,1000
21516,2000
21517,1000
21520,0
21521,2000
21524,0
21525,1000
21536,0
21537,1000
21538,0
21539,0
21540,0
21541,2000
21552,0
21553,2000
21554,0
21555,0
21568,1000
21569,0
21574,2000
21575,2000
21586,0
21587,0
21592,0
21593,0
21596,0
21597,1000
21600,0
21601,1000
21606,1000
21607,0
21610,0
21611,0
21616,0
21617,1000
21624,0
21625,0
21626,1000
21627,1000
21636,0
21637,2000
21638,0
21639,0
21640,0
21641,0
21642,0
21643,0
21654,2000
21655,1000
21660,0
21661,0
21668,0
21669,0
21674,0
21675,2000
21680,1500
21681,0
21698,2000
21699,2000
21702,0
21703,0
21708,1000
21709,0
21710,0
21711,1000
21712,0
21713,0
21734,0
21735,1000
21736,1000
21737,0
21740,0
21741,0
21748,2000
21749,1000
21752,0
21753,1000
21754,0
21755,0
21760,0
21761,0
21762,0
21763,0
21766,0
21767,1000
21778,2000
21779,2000
21780,0
21781,0
21798,2000
21799,2000
21814,0
21815,2000
21818,1000
21819,1000
21824,0
21825,0
21828,0
21829,2000
21830,1500
21831,0
21836,2000
21837,1000
21838,0
21839,0
21844,0
21845,1000
21860,1500
21861,1000
21866,1500
21867,2000
21872,0
21873,2000
21892,1000
21893,1000
21896,0
21897,0
21900,0
21901,0
21902,0
21903,1500
21920,0
21921,0
21922,0
21923,2000
21928,2000
21929,1000
21930,0
21931,1000
21938,0
21939,0
21946,1500
21947,0
21952,2000
21953,1000
21954,1000
21955,1000
21960,1000
21961,0
21966,0
21967,1000
21968,0
21969,0
21970,0
21971,1000
21972,0
21973,1000
21982,0
21983,0
21984,0
21985,0
21988,0
21989,0
21990,0
21991,0
21992,1500
21993,1500
22000,0
22001,0
22002,0
22003,2000
22018,0
22019,0
22022,1000
22023,1000
22028,0
22029,0
22030,0
22031,0
22038,0
22039,0
22060,0
22061,1000
22068,0
22069,0
22072,0
22073,0
22078,0
22079,0
22088,0
22089,0
22100,0
22101,0
22104,0
22105,0
22108,0
22109,0
22112,0
22113,0
22118,0
22119,0
22120,0
22121,0
22126,0
22127,1500
22134,0
22135,0
22136,0
22137,0
22138,0
22139,0
22140,0
22141,0
22144,0
22145,0
22146,0
22147,0
22148,0
22149,0
22158,0
22159,0
22160,0
22161,0
22162,0
22163,0
22170,0
22171,0
22180,0
22181,0
22196,0
22197,0
22198,0
22199,0
22206,0
22207,0
22212,0
22213,0
22222,0
22223,0
22224,0
22225,0
22230,0
22231,0
22234,0
22235,0
22238,0
22239,0
22246,0
22247,0
22250,0
22251,0
22252,0
22253,1500
22260,0
22261,0
22264,0
22265,0
22270,0
22271,0
22276,0
22277,0
22280,0
22281,0
22296,0
22297,0
22300,0
22301,0
22322,0
22323,0
22326,0
22327,0
22334,0
22335,0
22344,0
22345,0
22356,0
22357,1000
22362,0
22363,0
22368,0
22369,0
22370,0
22371,0
22372,0
22373,0
22374,0
22375,0
22376,0
22377,0
22380,0
22381,1000
22382,0
22383,0
22384,0
22385,2000
22408,0
22409,0
22414,0
22415,0
22418,0
22419,0
22424,0
22425,0
22426,0
22427,0
22436,0
22437,0
22454,0
22455,0
22464,0
22465,0
22468,0
22469,0
22480,0
22481,0
22482,0
22483,0
22488,0
22489,0
22500,0
22501,0
22502,0
22503,0
22504,0
22505,0
22508,0
22509,0
22510,0
22511,0
22516,0
22517,0
22522,0
22523,0
22536,0
22537,0
22542,0
22543,0
22544,0
22545,0
22546,0
22547,0
22554,0
22555,0
22556,0
22557,0
22558,0
22559,2000
22562,0
22563,0
22572,0
22573,0
22580,0
22581,0
22582,0
22583,0
22584,0
22585,0
22588,0
22589,0
22592,0
22593,0
22598,0
22599,0
22600,0
22601,0
22604,0
22605,0
22610,0
22611,0
22614,0
22615,0
22618,0
22619,0
22624,0
22625,0
22630,0
22631,0
22632,0
22633,0
22636,0
22637,1000
22640,0
22641,0
22644,0
22645,0
22646,0
22647,0
22650,0
22651,0
22658,0
22659,0
22660,0
22661,0
22662,0
22663,0
22664,0
22665,0
22670,0
22671,0
22676,0
22677,0
22678,0
22679,0
22682,0
22683,0
22684,0
22685,0
22686,0
22687,0
22692,0
22693,0
22698,0
22699,0
22700,0
22701,0
22714,0
22715,0
22720,0
22721,0
22726,0
22727,0
22734,0
22735,0
22748,0
22749,0
22752,0
22753,0
22756,0
22757,0
22764,0
22765,0
22778,0
22779,0
22812,0
22813,0
22814,0
22815,0
22816,0
22817,0
22818,0
22819,1000
22820,0
22821,0
22826,0
22827,0
22832,0
22833,0
22838,0
22839,0
22844,0
22845,0
22856,0
22857,0
22864,0
22865,0
22868,0
22869,0
22874,0
22875,0
22878,0
22879,0
22880,0
22881,0
22898,0
22899,0
22916,0
22917,0
22918,0
22919,0
22920,0
22921,0
22928,0
22929,0
22938,0
22939,0
22940,0
22941,0
22946,0
22947,0
22960,0
22961,0
22962,0
22963,0
22976,0
22977,0
22978,0
22979,0
22982,0
22983,0
22984,0
22985,0
22994,0
22995,0
22996,0
22997,1500
23002,0
23003,0
23008,0
23009,0
23010,0
23011,0
23012,0
23013,0
23024,0
23025,0
23026,0
23027,0
23032,0
23033,0
23036,0
23037,0
23048,0
23049,0
23052,0
23053,0
23058,0
23059,0
23062,0
23063,0
23064,0
23065,0
23070,0
23071,0
23074,0
23075,0
23076,0
23077,0
23078,0
23079,0
23080,0
23081,0
23088,0
23089,0
23094,0
23095,0
23098,0
23099,0
23108,0
23109,0
23114,0
23115,0
23120,0
23121,0
23126,0
23127,0
23128,0
23129,0
23136,0
23137,0
23142,0
23143,0
23156,0
23157,0
23166,0
23167,0
23170,0
23171,0
23176,0
23177,0
23178,0
23179,0
23180,0
23181,0
23182,0
23183,0
23184,0
23185,0
23192,0
23193,0
23200,0
23201,0
23208,0
23209,0
23210,0
23211,0
23220,0
23221,0
23226,0
23227,0
23232,0
23233,0
23234,0
23235,0
23236,0
23237,0
23242,0
23243,0
23250,0
23251,0
23264,0
23265,0
23276,0
23277,1000
23284,0
23285,0
23290,0
23291,0
23296,0
23297,0
23298,0
23299,0
23306,0
23307,0
23310,0
23311,0
23314,0
23315,2000
23324,0
23325,0
23332,0
23333,0
23340,0
23341,0
23350,0
23351,0
23356,0
23357,0
23358,0
23359,0
23368,0
23369,0
23370,0
23371,0
23382,0
23383,0
23384,0
23385,0
23406,0
23407,0
23408,0
23409,0
23426,0
23427,0
23428,0
23429,0
23432,0
23433,0
23442,0
23443,0
23446,0
23447,0
23448,0
23449,0
23450,0
23451,0
23456,0
23457,0
23466,0
23467,0
23480,0
23481,0
23482,0
23483,0
23496,0
23497,0
23498,0
23499,0
23510,0
23511,1000
23530,0
23531,0
23532,0
23533,0
23534,0
23535,0
23536,0
23537,0
23552,0
23553,0
23574,0
23575,1000
23578,0
23579,0
23594,0
23595,0
23604,0
23605,2000
23608,0
23609,2000
23612,0
23613,0
23614,0
23615,0
23616,0
23617,0
23618,0
23619,0
23620,0
23621,0
23622,0
23623,0
23638,0
23639,1500
23640,0
23641,0
23652,0
23653,0
23656,0
23657,0
23658,0
23659,0
23678,0
23679,0
23680,0
23681,0
23686,0
23687,0
23688,0
23689,0
23690,0
23691,0
23692,0
23693,0
23710,0
23711,2000
23722,0
23723,0
23732,0
23733,0
23736,0
23737,0
23746,0
23747,0
23754,0
23755,0
23756,0
23757,0
23758,0
23759,0
23762,0
23763,0
23764,0
23765,0
23766,0
23767,0
23770,0
23771,0
23782,0
23783,0
23794,0
23795,0
23798,0
23799,0
23804,0
23805,0
23806,0
23807,0
23814,0
23815,0
23822,0
23823,0
23826,0
23827,0
23830,0
23831,0
23832,0
23833,0
23838,0
23839,0
23850,0
23851,0
23852,0
23853,0
23854,0
23855,0
23858,0
23859,0
23862,0
23863,0
23870,0
23871,0
23876,0
23877,2000
23890,0
23891,0
23894,0
23895,0
23900,0
23901,1000
23906,0
23907,0
23928,0
23929,0
23930,0
23931,0
23944,0
23945,0
23948,0
23949,0
23952,0
23953,0
23954,0
23955,0
23960,0
23961,0
23976,0
23977,0
23978,0
23979,0
23980,0
23981,0
23990,0
23991,0
23992,0
23993,0
24002,0
24003,0
24012,0
24013,0
24014,0
24015,0
24020,0
24021,0
24022,0
24023,0
24026,0
24027,0
24032,0
24033,0
24048,0
24049,0
24056,0
24057,0
24078,0
24079,0
24080,0
24081,0
24090,0
24091,0
24098,0
24099,0
24108,0
24109,0
24112,0
24113,0
24116,0
24117,0
24118,0
24119,0
24120,0
24121,0
24126,0
24127,0
24132,0
24133,0
24134,0
24135,0
24136,0
24137,0
24156,0
24157,0
24176,0
24177,0
24184,0
24185,0
24198,0
24199,0
24200,0
24201,0
24224,0
24225,0
24236,0
24237,0
24240,0
24241,0
24242,0
24243,0
24254,0
24255,0
24258,0
24259,0
24268,0
24269,0
24272,0
24273,0
24274,0
24275,0
24276,0
24277,0
24286,0
24287,0
24290,0
24291,0
24300,0
24301,0
24304,0
24305,0
24306,0
24307,0
24308,0
24309,0
24312,0
24313,0
24314,0
24315,0
24316,0
24317,0
24320,0
24321,0
24322,0
24323,0
24332,0
24333,0
24334,0
24335,0
24336,0
24337,0
24338,0
24339,0
24348,0
24349,0
24350,0
24351,0
24352,0
24353,0
24358,0
24359,0
24370,0
24371,0
24374,0
24375,0
24376,0
24377,0
24382,0
24383,0
24394,0
24395,0
24404,0
24405,0
24406,0
24407,0
24408,0
24409,0
24410,0
24411,0
24418,0
24419,0
24422,0
24423,0
24424,0
24425,0
24438,0
24439,0
24452,0
24453,0
24454,0
24455,0
24458,0
24459,0
24462,0
24463,0
24472,0
24473,0
24480,0
24481,0
24484,0
24485,0
24486,0
24487,0
24492,0
24493,0
24502,0
24503,0
24506,0
24507,0
24508,0
24509,0
24510,0
24511,0
24528,0
24529,0
24532,0
24533,0
24536,0
24537,0
24540,0
24541,0
24544,0
24545,0
24546,0
24547,0
24552,0
24553,0
24558,0
24559,0
24562,0
24563,0
24572,0
24573,0
24574,0
24575,0
24578,0
24579,0
24582,0
24583,0
24604,0
24605,0
24606,0
24607,0
24610,0
24611,0
24614,0
24615,0
24618,0
24619,0
24620,0
24621,0
24622,0
24623,0
24630,0
24631,0
24632,0
24633,0
24634,0
24635,0
24636,0
24637,0
24638,0
24639,0
24642,0
24643,0
24644,0
24645,0
24660,0
24661,0
24662,0
24663,0
24672,0
24673,0
24682,0
24683,0
24684,0
24685,0
24688,0
24689,0
24694,0
24695,0
24698,0
24699,1000
24700,0
24701,0
24710,0
24711,0
24716,0
24717,0
24722,0
24723,0
24726,0
24727,0
24732,0
24733,0
24740,0
24741,0
24746,0
24747,0
24754,0
24755,0
24760,0
24761,0
24762,0
24763,0
24766,0
24767,1000
24776,0
24777,0
24780,0
24781,1500
24786,0
24787,0
24788,0
24789,0
24796,0
24797,0
24808,0
24809,0
24810,0
24811,0
24816,0
24817,0
24820,0
24821,0
24830,0
24831,2000
24832,0
24833,2000
24858,0
24859,0
24864,0
24865,0
24880,0
24881,0
24886,0
24887,2000
24888,0
24889,0
24892,0
24893,0
24896,0
24897,0
24898,0
24899,0
24904,0
24905,0
24906,0
24907,0
24912,0
24913,0
24916,0
24917,0
24924,0
24925,0
24926,0
24927,0
24930,0
24931,0
24938,0
24939,0
24948,0
24949,0
24954,0
24955,0
24966,0
24967,0
24968,0
24969,0
24980,0
24981,0
24986,0
24987,0
24990,0
24991,0
24998,0
24999,0
25000,0
25001,0
25006,0
25007,0
25022,0
25023,0
25024,0
25025,0
25026,0
25027,0
25030,0
25031,0
25032,0
25033,0
25034,0
25035,0
25036,0
25037,0
25042,0
25043,0
25046,0
25047,0
25052,0
25053,0
25054,0
25055,0
25056,0
25057,0
25058,0
25059,0
25062,0
25063,0
25068,0
25069,0
25074,0
25075,0
25076,0
25077,0
25078,0
25079,0
25082,0
25083,0
25090,0
25091,0
25100,0
25101,0
25106,0
25107,0
25108,0
25109,0
25110,0
25111,0
25112,0
25113,0
25120,0
25121,0
25122,0
25123,0
25128,0
25129,0
25134,0
25135,0
25136,0
25137,0
25144,0
25145,0
25152,0
25153,0
25154,0
25155,0
25156,0
25157,0
25158,0
25159,0
25168,0
25169,0
25170,0
25171,0
25182,0
25183,0
25192,0
25193,0
25194,0
25195,0
25202,0
25203,0
25204,0
25205,0
25208,0
25209,0
25226,0
25227,2000
25228,0
25229,0
25232,0
25233,0
25240,0
25241,0
25258,0
25259,0
25262,0
25263,0
25266,0
25267,0
25270,0
25271,0
25278,0
25279,0
25286,0
25287,0
25288,0
25289,0
25290,0
25291,0
25302,0
25303,0
25310,0
25311,0
25316,0
25317,0
25332,0
25333,0
25340,0
25341,0
25342,0
25343,0
25346,0
25347,0
25352,0
25353,0
25364,0
25365,0
25368,0
25369,0
25376,0
25377,0
25386,0
25387,0
25390,0
25391,0
25392,0
25393,0
25396,0
25397,0
25400,0
25401,0
25404,0
25405,0
25412,0
25413,0
25414,0
25415,0
25418,0
25419,0
25424,0
25425,0
25426,0
25427,0
25434,0
25435,0
25436,0
25437,0
25438,0
25439,0
25440,0
25441,0
25442,0
25443,0
25446,0
25447,0
25448,0
25449,0
25454,0
25455,0
25458,0
25459,0
25468,0
25469,0
25472,0
25473,0
25476,0
25477,0
25488,0
25489,0
25490,0
25491,0
25502,0
25503,0
25504,0
25505,0
25512,0
25513,0
25518,0
25519,0
25520,0
25521,0
25524,0
25525,0
25526,0
25527,0
25534,0
25535,1500
25544,0
25545,0
25552,0
25553,0
25560,0
25561,0
25568,0
25569,0
25570,0
25571,0
25572,0
25573,0
25576,0
25577,0
25580,0
25581,0
25594,0
25595,0
25598,0
25599,0
25606,0
25607,1500
25610,0
25611,0
25614,0
25615,0
25616,0
25617,0
25618,0
25619,0
25620,0
25621,1000
25622,0
25623,0
25644,0
25645,0
25646,0
25647,1000
25658,0
25659,0
25662,0
25663,0
25664,0
25665,0
25668,0
25669,0
25676,0
25677,0
25678,0
25679,0
25680,0
25681,0
25682,0
25683,0
25704,0
25705,0
25718,0
25719,0
25720,0
25721,0
25726,0
25727,0
25736,0
25737,0
25746,0
25747,0
25760,0
25761,0
25764,0
25765,0
25776,0
25777,0
25782,0
25783,0
25788,0
25789,0
25792,0
25793,0
25794,0
25795,0
25798,0
25799,0
25804,0
25805,0
25806,0
25807,0
25808,0
25809,0
25812,0
25813,0
25832,0
25833,0
25834,0
25835,0
25838,0
25839,0
25840,0
25841,1000
25842,0
25843,0
25856,0
25857,0
25866,0
25867,0
25882,0
25883,0
25886,0
25887,0
25890,0
25891,0
25904,0
25905,0
25906,0
25907,0
25910,0
25911,0
25912,0
25913,0
25918,0
25919,0
25920,0
25921,0
25946,0
25947,0
25948,0
25949,0
25960,0
25961,0
25964,0
25965,0
25968,0
25969,0
25982,0
25983,0
25986,0
25987,0
26002,0
26003,0
26004,0
26005,0
26010,0
26011,0
26012,0
26013,0
26014,0
26015,0
26016,0
26017,0
26018,0
26019,0
26026,0
26027,0
26028,0
26029,0
26038,0
26039,0
26040,0
26041,0
26042,0
26043,0
26060,0
26061,0
26062,0
26063,2000
26066,0
26067,0
26068,0
26069,0
26070,0
26071,0
26078,0
26079,0
26080,0
26081,0
26086,0
26087,0
26088,0
26089,0
26100,0
26101,0
26106,0
26107,0
26110,0
26111,0
26120,0
26121,0
26124,0
26125,0
26128,0
26129,0
26138,0
26139,0
26142,0
26143,0
26148,0
26149,0
26152,0
26153,0
26154,0
26155,0
26160,0
26161,0
26162,0
26163,0
26164,0
26165,0
26166,0
26167,0
26168,0
26169,0
26174,0
26175,0
26178,0
26179,0
26184,0
26185,0
26186,0
26187,0
26188,0
26189,0
26198,0
26199,0
26200,0
26201,0
26204,0
26205,0
26206,0
26207,1000
26208,0
26209,0
26210,0
26211,0
26212,0
26213,0
26214,0
26215,0
26218,0
26219,0
26220,0
26221,0
26230,0
26231,0
26232,0
26233,0
26236,0
26237,0
26244,0
26245,0
26246,0
26247,0
26254,0
26255,0
26256,0
26257,0
26258,0
26259,0
26262,0
26263,0
26268,0
26269,0
26270,0
26271,0
26272,0
26273,0
26278,0
26279,0
26288,0
26289,0
26292,0
26293,0
26296,0
26297,1000
26298,0
26299,0
26300,0
26301,0
26308,0
26309,0
26316,0
26317,0
26320,0
26321,0
26322,0
26323,0
26334,0
26335,0
26338,0
26339,0
26342,0
26343,0
26346,0
26347,0
26348,0
26349,0
26358,0
26359,0
26360,0
26361,0
26362,0
26363,0
26374,0
26375,0
26376,0
26377,0
26378,0
26379,0
26380,0
26381,0
26382,0
26383,0
26384,0
26385,0
26392,0
26393,0
26396,0
26397,0
26398,0
26399,0
26402,0
26403,0
26412,0
26413,0
26416,0
26417,0
26440,0
26441,0
26444,0
26445,0
26454,0
26455,0
26456,0
26457,0
26466,0
26467,0
26470,0
26471,0
26478,0
26479,0
26484,0
26485,0
26486,0
26487,0
26492,0
26493,0
26502,0
26503,2000
26504,0
26505,0
26508,0
26509,0
26510,0
26511,0
26514,0
26515,0
26518,0
26519,0
26520,0
26521,0
26522,0
26523,0
26524,0
26525,0
26528,0
26529,0
26530,0
26531,0
26532,0
26533,0
26534,0
26535,0
26536,0
26537,0
26538,0
26539,0
26544,0
26545,0
26554,0
26555,0
26558,0
26559,0
26562,0
26563,0
26580,0
26581,0
26582,0
26583,0
26588,0
26589,0
26590,0
26591,0
26598,0
26599,0
26602,0
26603,0
26604,0
26605,0
26606,0
26607,0
26614,0
26615,0
26616,0
26617,0
26620,0
26621,0
26624,0
26625,0
26632,0
26633,0
26634,0
26635,0
26636,0
26637,0
26640,0
26641,0
26644,0
26645,2000
26646,0
26647,0
26648,0
26649,0
26652,0
26653,0
26670,0
26671,0
26672,0
26673,2000
26702,0
26703,0
26704,0
26705,0
26706,0
26707,0
26710,0
26711,0
26714,0
26715,0
26718,0
26719,0
26730,0
26731,0
26734,0
26735,1500
26740,0
26741,0
26742,0
26743,0
26756,0
26757,0
26766,0
26767,1000
26774,0
26775,0
26776,0
26777,0
26784,0
26785,0
26788,0
26789,2000
26800,0
26801,0
26802,0
26803,0
26804,0
26805,0
26814,0
26815,0
26816,0
26817,0
26818,0
26819,0
26822,0
26823,0
26844,0
26845,0
26846,0
26847,0
26856,0
26857,0
26860,0
26861,0
26864,0
26865,0
26872,0
26873,0
26874,0
26875,0
26876,0
26877,0
26888,0
26889,0
26894,0
26895,0
26898,0
26899,0
26900,0
26901,0
26902,0
26903,0
26908,0
26909,0
26910,0
26911,0
26918,0
26919,0
26924,0
26925,0
26928,0
26929,0
26936,0
26937,0
26944,0
26945,0
26954,0
26955,0
26960,0
26961,0
26962,0
26963,0
26964,0
26965,0
26976,0
26977,0
26978,0
26979,0
26980,0
26981,0
26992,0
26993,0
26996,0
26997,0
27000,0
27001,0
27006,0
27007,0
27008,0
27009,0
27012,0
27013,0
27018,0
27019,0
27024,0
27025,0
27026,0
27027,0
27034,0
27035,0
27036,0
27037,0
27038,0
27039,0
27050,0
27051,0
27068,0
27069,0
27070,0
27071,0
27080,0
27081,1500
27082,0
27083,0
27088,0
27089,0
27090,0
27091,0
27094,0
27095,2000
27110,0
27111,0
27114,0
27115,0
27116,0
27117,0
27120,0
27121,0
27130,0
27131,0
27132,0
27133,0
27134,0
27135,0
27136,0
27137,0
27144,0
27145,0
27150,0
27151,0
27160,0
27161,0
27162,0
27163,0
27174,0
27175,0
27192,0
27193,0
27196,0
27197,0
27206,0
27207,0
27210,0
27211,0
27212,0
27213,0
27214,0
27215,0
27228,0
27229,0
27234,0
27235,0
27238,0
27239,0
27242,0
27243,0
27244,0
27245,0
27248,0
27249,0
27254,0
27255,0
27262,0
27263,0
27264,0
27265,0
27274,0
27275,0
27276,0
27277,0
27278,0
27279,0
27284,0
27285,0
27286,0
27287,0
27294,0
27295,0
27298,0
27299,0
27302,0
27303,0
27304,0
27305,0
27312,0
27313,0
27320,0
27321,0
27332,0
27333,0
27336,0
27337,0
27342,0
27343,0
27354,0
27355,0
27358,0
27359,0
27366,0
27367,0
27370,0
27371,0
27372,0
27373,0
27374,0
27375,0
27387,0
27388,0
27389,0
27396,0
27397,0
27400,0
27401,0
27402,0
27403,0
27408,0
27409,0
27426,0
27427,0
27440,0
27441,0
27444,0
27445,0
27454,0
27455,0
27460,0
27461,0
27464,0
27465,0
27472,0
27473,0
27478,0
27479,0
27480,0
27481,0
27486,0
27487,0
27496,0
27497,0
27498,0
27499,1500
27500,0
27501,0
27508,0
27509,0
27516,0
27517,0
27518,0
27519,1000
27528,0
27529,0
27536,0
27537,0
27538,0
27539,0
27546,0
27547,0
27548,0
27549,0
27552,0
27553,0
27554,0
27555,0
27556,0
27557,0
27560,0
27561,0
27568,0
27569,0
27570,0
27571,0
27572,0
27573,0
27582,0
27583,1000
27586,0
27587,0
27588,0
27589,0
27590,0
27591,0
27592,0
27593,0
27596,0
27597,0
27598,0
27599,0
27600,0
27601,0
27608,0
27609,0
27614,0
27615,0
27620,0
27621,0
27622,0
27623,0
27634,0
27635,0
27636,0
27637,0
27642,0
27643,0
27644,0
27645,0
27646,0
27647,0
27656,0
27657,0
27662,0
27663,0
27664,0
27665,0
27670,0
27671,0
27674,0
27675,0
27678,0
27679,0
27690,0
27691,2000
27698,0
27699,0
27702,0
27703,0
27708,0
27709,0
27718,0
27719,0
27724,0
27725,1000
27740,0
27741,0
27742,0
27743,2000
27760,0
27761,2000
27764,0
27765,0
27768,0
27769,0
27776,0
27777,0
27784,0
27785,0
27790,0
27791,0
27802,0
27803,0
27808,0
27809,0
27816,0
27817,2000
27818,0
27819,0
27822,0
27823,0
27832,0
27833,0
27836,0
27837,0
27838,0
27839,0
27840,0
27841,0
27844,0
27845,0
27848,0
27849,0
27852,0
27853,0
27856,0
27857,0
27866,0
27867,0
27868,0
27869,0
27870,0
27871,0
27872,0
27873,0
27878,0
27879,0
27888,0
27889,0
27892,0
27893,0
27896,0
27897,0
27898,0
27899,0
27900,0
27901,0
27908,0
27909,0
27910,0
27911,0
27922,0
27923,0
27928,0
27929,0
27930,0
27931,0
27932,0
27933,0
27938,0
27939,0
27940,0
27941,0
27942,0
27943,0
27944,0
27945,0
27946,0
27947,0
27954,0
27955,0
27960,0
27961,0
27966,0
27967,0
27968,0
27969,0
27984,0
27985,0
27988,0
27989,0
28000,0
28001,0
28010,0
28011,0
28014,0
28015,0
28018,0
28019,0
28030,0
28031,0
28036,0
28037,0
28042,0
28043,0
28052,0
28053,0
28056,0
28057,0
28060,0
28061,0
28068,0
28069,0
28082,0
28083,0
28088,0
28089,0
28096,0
28097,0
28102,0
28103,0
28116,0
28117,0
28124,0
28125,0
28126,0
28127,0
28128,0
28129,0
28130,0
28131,0
28132,0
28133,0
28142,0
28143,0
28144,0
28145,0
28146,0
28147,0
28148,0
28149,0
28152,0
28153,0
28156,0
28157,0
28162,0
28163,0
28172,0
28173,2000
28174,0
28175,0
28176,0
28177,2000
28196,0
28197,0
28210,0
28211,0
28212,0
28213,0
28218,0
28219,0
28226,0
28227,0
28244,0
28245,0
28248,0
28249,0
28258,0
28259,0
28260,0
28261,0
28268,0
28269,1000
28270,0
28271,1500
28276,0
28277,0
28292,0
28293,0
28304,0
28305,0
28308,0
28309,0
28312,0
28313,0
28328,0
28329,1000
28332,0
28333,0
28334,0
28335,0
28336,0
28337,0
28338,0
28339,0
28340,0
28341,0
28342,0
28343,0
28346,0
28347,0
28354,0
28355,0
28364,0
28365,0
28366,0
28367,0
28376,0
28377,0
28394,0
28395,0
28400,0
28401,0
28404,0
28405,0
28408,0
28409,0
28410,0
28411,0
28416,0
28417,0
28432,0
28433,0
28436,0
28437,0
28438,0
28439,0
28440,0
28441,0
28446,0
28447,0
28454,0
28455,0
28458,0
28459,0
28472,0
28473,0
28478,0
28479,0
28480,0
28481,0
28482,0
28483,0
28484,0
28485,0
28494,0
28495,0
28498,0
28499,0
28500,0
28501,1000
28514,0
28515,0
28524,0
28525,0
28528,0
28529,0
28532,0
28533,0
28534,0
28535,0
28538,0
28539,0
28540,0
28541,0
28544,0
28545,1000
28548,0
28549,0
28552,0
28553,0
28556,0
28557,0
28562,0
28563,0
28566,0
28567,0
28568,0
28569,0
28574,0
28575,0
28578,0
28579,0
28582,0
28583,0
28592,0
28593,0
28602,0
28603,1500
28606,0
28607,0
28608,0
28609,0
28614,0
28615,0
28616,0
28617,0
28622,0
28623,0
28630,0
28631,0
28638,0
28639,0
28644,0
28645,0
28650,0
28651,0
28660,0
28661,0
28662,0
28663,0
28664,0
28665,0
28668,0
28669,0
28670,0
28671,0
28676,0
28677,0
28682,0
28683,0
28686,0
28687,0
28694,0
28695,1000
28696,0
28697,0
28704,0
28705,0
28706,0
28707,0
28718,0
28719,0
28724,0
28725,0
28726,0
28727,0
28732,0
28733,0
28740,0
28741,0
28742,0
28743,1000
28748,0
28749,0
28756,0
28757,0
28758,0
28759,0
28760,0
28761,0
28762,0
28763,0
28780,0
28781,0
28786,0
28787,0
28788,0
28789,0
28790,0
28791,0
28806,0
28807,0
28808,0
28809,0
28812,0
28813,0
28824,0
28825,0
28828,0
28829,0
28836,0
28837,0
28840,0
28841,0
28842,0
28843,0
28844,0
28845,1000
28854,0
28855,0
28856,0
28857,0
28860,0
28861,0
28862,0
28863,0
28868,0
28869,0
28870,0
28871,2000
28874,0
28875,2000
28880,0
28881,0
28884,0
28885,2000
28888,0
28889,2000
28890,0
28891,0
28894,0
28895,0
28896,0
28897,0
28900,0
28901,1000
28902,0
28903,1500
28908,0
28909,0
28914,0
28915,0
28922,0
28923,0
28924,0
28925,0
28926,0
28927,2000
28934,0
28935,0
28938,0
28939,0
28940,0
28941,0
28942,0
28943,0
28948,0
28949,0
28950,0
28951,0
28958,0
28959,0
28960,0
28961,0
28970,0
28971,0
28978,0
28979,0
28980,0
28981,0
28982,0
28983,0
28984,0
28985,0
28996,0
28997,0
29004,0
29005,0
29006,0
29007,0
29012,0
29013,0
29016,0
29017,0
29030,0
29031,2000
29032,0
29033,0
29034,0
29035,0
29042,0
29043,0
29044,0
29045,0
29046,0
29047,0
29056,0
29057,0
29066,0
29067,0
29068,0
29069,0
29070,0
29071,0
29076,0
29077,0
29104,0
29105,0
29108,0
29109,0
29114,0
29115,0
29126,0
29127,0
29132,0
29133,0
29140,0
29141,0
29154,0
29155,0
29162,0
29163,0
29174,0
29175,0
29178,0
29179,0
29184,0
29185,0
29186,0
29187,0
29188,0
29189,0
29190,0
29191,0
29194,0
29195,0
29196,0
29197,0
29204,0
29205,0
29216,0
29217,0
29224,0
29225,0
29228,0
29229,0
29238,0
29239,0
29242,0
29243,0
29256,0
29257,0
29258,0
29259,0
29260,0
29261,0
29264,0
29265,0
29270,0
29271,0
29280,0
29281,0
29286,0
29287,0
29288,0
29289,2000
29290,0
29291,0
29298,0
29299,0
29300,0
29301,0
29308,0
29309,0
29312,0
29313,0
29314,0
29315,0
29320,0
29321,0
29322,0
29323,0
29328,0
29329,0
29336,0
29337,0
29346,0
29347,0
29348,0
29349,0
29358,0
29359,1500
29370,0
29371,0
29372,0
29373,0
29380,0
29381,0
29394,0
29395,0
29404,0
29405,0
29412,0
29413,0
29442,0
29443,0
29444,0
29445,0
29460,0
29461,0
29464,0
29465,0
29468,0
29469,0
29472,0
29473,0
29480,0
29481,0
29484,0
29485,0
29486,0
29487,0
29496,0
29497,0
29500,0
29501,0
29502,0
29503,0
29506,0
29507,0
29510,0
29511,0
29512,0
29513,2000
29514,0
29515,2000
29522,0
29523,0
29524,0
29525,0
29532,0
29533,0
29544,0
29545,0
29546,0
29547,0
29550,0
29551,0
29556,0
29557,0
29564,0
29565,0
29566,0
29567,0
29572,0
29573,0
29578,0
29579,0
29580,0
29581,0
29588,0
29589,0
29594,0
29595,0
29600,0
29601,0
29606,0
29607,0
29620,0
29621,0
29622,0
29623,0
29626,0
29627,0
29634,0
29635,0
29636,0
29637,0
29642,0
29643,0
29644,0
29645,0
29650,0
29651,0
29656,0
29657,0
29664,0
29665,0
29678,0
29679,0
29686,0
29687,0
29688,0
29689,0
29692,0
29693,0
29696,0
29697,0
29698,0
29699,0
29702,0
29703,1500
29706,0
29707,0
29710,0
29711,0
29718,0
29719,0
29732,0
29733,0
29746,0
29747,0
29750,0
29751,0
29754,0
29755,0
29756,0
29757,0
29762,0
29763,0
29764,0
29765,0
29774,0
29775,0
29780,0
29781,0
29782,0
29783,0
29786,0
29787,0
29790,0
29791,0
29794,0
29795,0
29800,0
29801,0
29814,0
29815,0
29816,0
29817,0
29822,0
29823,0
29838,0
29839,0
29846,0
29847,1000
29852,0
29853,0
29856,0
29857,0
29862,0
29863,0
29868,0
29869,0
29872,0
29873,0
29874,0
29875,0
29878,0
29879,0
29884,0
29885,2000
29890,0
29891,0
29894,0
29895,0
29898,0
29899,0
29900,0
29901,1000
29902,0
29903,1500
29912,0
29913,0
29914,0
29915,0
29942,0
29943,0
29950,0
29951,0
29954,0
29955,0
29970,0
29971,0
29972,0
29973,0
29976,0
29977,0
29992,0
29993,0
30010,0
30011,1000
30022,0
30023,0
30026,0
30027,0
30030,0
30031,0
30034,0
30035,0
30036,0
30037,0
30044,0
30045,0
30060,0
30061,0
30062,0
30063,0
30068,0
30069,0
30072,0
30073,0
30082,0
30083,0
30088,0
30089,0
30090,0
30091,0
30092,0
30093,2000
30094,0
30095,0
30096,0
30097,0
30110,0
30111,0
30116,0
30117,0
30132,0
30133,0
30134,0
30135,0
30144,0
30145,0
30156,0
30157,0
30162,0
30163,0
30170,0
30171,0
30174,0
30175,0
30184,0
30185,1500
30192,0
30193,0
30206,0
30207,0
30208,0
30209,0
30210,0
30211,0
30222,0
30223,0
30228,0
30229,0
30230,0
30231,0
30234,0
30235,0
30236,0
30237,0
30238,0
30239,0
30246,0
30247,0
30248,0
30249,0
30258,0
30259,0
30264,0
30265,0
30270,0
30271,0
30288,0
30289,0
30292,0
30293,0
30294,0
30295,0
30296,0
30297,0
30306,0
30307,0
30310,0
30311,1000
30322,0
30323,0
30324,0
30325,0
30326,0
30327,0
30328,0
30329,0
30340,0
30341,0
30344,0
30345,0
30364,0
30365,0
30374,0
30375,0
30376,0
30377,0
30378,0
30379,0
30392,0
30393,0
30402,0
30403,0
30414,0
30415,0
30434,0
30435,0
30440,0
30441,0
30444,0
30445,0
30446,0
30447,0
30452,0
30453,0
30470,0
30471,0
30472,0
30473,0
30474,0
30475,0
30478,0
30479,0
30480,0
30481,0
30496,0
30497,0
30498,0
30499,0
30500,0
30501,0
30502,0
30503,0
30516,0
30517,0
30524,0
30525,0
30532,0
30533,0
30534,0
30535,0
30544,0
30545,2000
30546,0
30547,0
30550,0
30551,0
30556,0
30557,0
30560,0
30561,0
30568,0
30569,0
30572,0
30573,0
30580,0
30581,0
30588,0
30589,0
30590,0
30591,0
30596,0
30597,2000
30600,0
30601,0
30606,0
30607,0
30610,0
30611,0
30622,0
30623,0
30624,0
30625,0
30632,0
30633,0
30636,0
30637,0
30638,0
30639,0
30650,0
30651,0
30654,0
30655,0
30658,0
30659,0
30660,0
30661,0
30664,0
30665,0
30672,0
30673,0
30678,0
30679,0
30704,0
30705,0
30708,0
30709,0
30718,0
30719,0
30722,0
30723,0
30724,0
30725,0
30728,0
30729,0
30730,0
30731,0
30736,0
30737,0
30738,0
30739,0
30746,0
30747,0
30752,0
30753,0
30756,0
30757,0
30762,0
30763,0
30770,0
30771,0
30776,0
30777,0
30782,0
30783,0
30784,0
30785,0
30786,0
30787,0
30788,0
30789,0
30796,0
30797,0
30800,0
30801,0
30814,0
30815,0
30818,0
30819,0
30832,0
30833,1500
30836,0
30837,0
30850,0
30851,0
30852,0
30853,0
30860,0
30861,0
30864,0
30865,0
30866,0
30867,0
30880,0
30881,0
30882,0
30883,0
30886,0
30887,0
30888,0
30889,0
30892,0
30893,0
30898,0
30899,0
30916,0
30917,0
30938,0
30939,0
30940,0
30941,0
30948,0
30949,0
30954,0
30955,0
30960,0
30961,0
30962,0
30963,0
30972,0
30973,0
30974,0
30975,0
30976,0
30977,0
30986,0
30987,0
30990,0
30991,0
31010,0
31011,0
31012,0
31013,0
31032,0
31033,0
31042,0
31043,0
31044,0
31045,0
31050,0
31051,0
31054,0
31055,0
31062,0
31063,0
31070,0
31071,0
31088,0
31089,0
31090,0
31091,0
31092,0
31093,0
31096,0
31097,0
31113,0
31115,0
31117,0
31120,0
31121,0
31122,0
31123,0
31124,0
31125,0
31132,0
31133,0
31150,0
31151,0
31154,0
31155,0
31160,0
31161,0
31162,0
31163,0
31166,0
31167,0
31168,0
31169,0
31172,0
31173,0
31174,0
31175,0
31194,0
31195,0
31204,0
31205,0
31206,0
31207,0
31208,0
31209,0
31216,0
31217,0
31222,0
31223,0
31228,0
31229,0
31232,0
31233,0
31234,0
31235,0
31238,0
31239,0
31240,0
31241,0
31246,0
31247,1500
31252,0
31253,0
31254,0
31255,0
31258,0
31259,0
31264,0
31265,0
31274,0
31275,0
31276,0
31277,0
31278,0
31279,0
31288,0
31289,0
31296,0
31297,0
31298,0
31299,0
31304,0
31305,0
31306,0
31307,0
31324,0
31325,0
31326,0
31327,0
31336,0
31337,0
31340,0
31341,0
31344,0
31345,0
31352,0
31353,0
31366,0
31367,0
31370,0
31371,0
31394,0
31395,0
31410,0
31411,0
31414,0
31415,0
31432,0
31433,0
31436,0
31437,0
31438,0
31439,0
31440,0
31441,0
31444,0
31445,0
31448,0
31449,2000
31460,0
31461,0
31468,0
31469,1000
31478,0
31479,0
31488,0
31489,0
31490,0
31491,0
31492,0
31493,0
31494,0
31495,0
31502,0
31503,0
31510,0
31511,0
31512,0
31513,2000
31520,0
31521,0
31522,0
31523,0
31524,0
31525,0
31528,0
31529,0
31532,0
31533,0
31536,0
31537,0
31544,0
31545,2000
31546,0
31547,0
31550,0
31551,0
31552,0
31553,0
31556,0
31557,0
31560,0
31561,0
31562,0
31563,0
31566,0
31567,0
31572,0
31573,1500
31584,0
31585,0
31588,0
31589,0
31590,0
31591,0
31598,0
31599,0
31600,0
31601,0
31610,0
31611,0
31620,0
31621,0
31630,0
31631,0
31634,0
31635,0
31638,0
31639,0
31640,0
31641,0
31648,0
31649,0
31654,0
31655,0
31656,0
31657,0
31658,0
31659,0
31670,0
31671,0
31678,0
31679,0
31680,0
31681,0
31684,0
31685,0
31698,0
31699,0
31714,0
31715,1000
31716,0
31717,1500
31722,0
31723,1500
31724,0
31725,0
31728,0
31729,0
31734,0
31735,0
31742,0
31743,0
31744,0
31745,0
31746,0
31747,0
31756,0
31757,1500
31758,0
31759,0
31764,0
31765,0
31768,0
31769,0
31774,0
31775,0
31784,0
31785,0
31792,0
31793,0
31796,0
31797,0
31798,0
31799,0
31800,0
31801,0
31802,0
31803,0
31806,0
31807,0
31808,0
31809,0
31812,0
31813,0
31830,0
31831,0
31838,0
31839,0
31842,0
31843,0
31844,0
31845,0
31858,0
31859,0
31862,0
31863,0
31874,0
31875,0
31880,0
31881,2000
31882,0
31883,0
31888,0
31889,0
31894,0
31895,0
31896,0
31897,0
31900,0
31901,0
31906,0
31907,0
31928,0
31929,0
31932,0
31933,0
31944,0
31945,0
31946,0
31947,0
31948,0
31949,2000
31950,0
31951,0
31960,0
31961,0
31964,0
31965,0
31978,0
31979,0
31984,0
31985,2000
31990,0
31991,0
32006,0
32007,0
32014,0
32015,0
32018,0
32019,2000
32020,0
32021,0
32022,0
32023,0
32024,0
32025,0
32026,0
32027,0
32028,0
32029,0
32036,0
32037,0
32038,0
32039,0
32044,0
32045,0
32046,0
32047,0
32048,0
32049,0
32054,0
32055,0
32060,0
32061,0
32064,0
32065,0
32066,0
32067,0
32068,0
32069,0
32072,0
32073,0
32076,0
32077,0
32096,0
32097,0
32102,0
32103,0
32104,0
32105,0
32106,0
32107,0
32110,0
32111,0
32114,0
32115,0
32118,0
32119,0
32122,0
32123,0
32130,0
32131,0
32132,0
32133,0
32138,0
32139,0
32146,0
32147,0
32152,0
32153,0
32154,0
32155,0
32164,0
32165,0
32170,0
32171,0
32174,0
32175,0
32178,0
32179,0
32186,0
32187,0
32200,0
32201,0
32204,0
32205,0
32208,0
32209,0
32216,0
32217,2000
32222,0
32223,0
32228,0
32229,0
32236,0
32237,0
32238,0
32239,0
32242,0
32243,0
32250,0
32251,0
32252,0
32253,0
32258,0
32259,0
32260,0
32261,0
32264,0
32265,0
32266,0
32267,0
32274,0
32275,0
32282,0
32283,0
32284,0
32285,0
32292,0
32293,0
32294,0
32295,0
32314,0
32315,0
32322,0
32323,0
32332,0
32333,0
32336,0
32337,0
32344,0
32345,0
32352,0
32353,0
32362,0
32363,0
32364,0
32365,0
32366,0
32367,0
32368,0
32369,0
32372,0
32373,0
32376,0
32377,0
32378,0
32379,0
32388,0
32389,1000
32396,0
32397,0
32398,0
32399,0
32400,0
32401,0
32406,0
32407,0
32410,0
32411,0
32412,0
32413,0
32414,0
32415,0
32416,0
32417,0
32418,0
32419,0
32424,0
32425,0
32428,0
32429,0
32434,0
32435,0
32438,0
32439,0
32442,0
32443,0
32450,0
32451,0
32454,0
32455,0
32462,0
32463,0
32474,0
32475,0
32476,0
32477,0
32484,0
32485,0
32494,0
32495,0
32496,0
32497,0
32500,0
32501,0
32506,0
32507,0
32510,0
32511,0
32512,0
32513,0
32526,0
32527,0
32540,0
32541,0
32542,0
32543,0
32550,0
32551,0
32552,0
32553,0
32562,0
32563,0
32564,0
32565,0
32566,0
32567,0
32568,0
32569,0
32578,0
32579,0
32582,0
32583,1500
32584,0
32585,0
32586,0
32587,0
32606,0
32607,0
32610,0
32611,0
32612,0
32613,0
32618,0
32619,0
32622,0
32623,0
32644,0
32645,0
32646,0
32647,0
32649,0
32656,0
32657,1000
